Standardized Model,Mac Family,RAM Configurations (GB)
Mac Mini M1 8-Core CPU & 8-Core GPU (Late 2020),Mac Mini,"8, 16"
Mac Mini M2 8-Core CPU & 10-Core GPU (Early 2023),Mac Mini,"8, 16, 24"
Mac Mini M2 Pro 10-Core CPU & 16-Core GPU (Early 2023),Mac Mini,"16, 32"
Mac Mini M2 Pro 12-Core CPU & 19-Core GPU (Early 2023),Mac Mini,"16, 32"
Mac Mini M4 10-Core CPU & 10-Core GPU (Late 2024),Mac Mini,"16, 24, 32"
Mac Mini M4 Pro 12-Core CPU & 16-Core GPU (Late 2024),Mac Mini,"24, 48, 64"
Mac Mini M4 Pro 14-Core CPU & 20-Core GPU (Late 2024),Mac Mini,"24, 48, 64"
Mac Mini i3 3.6GHz (Early 2020),Mac Mini,"8, 16, 32, 64"
Mac Mini i3 3.6GHz (Late 2018),Mac Mini,"8, 16, 32, 64"
Mac Mini i5 3.0GHz (Early 2020),Mac Mini,"8, 16, 32, 64"
Mac Mini i5 3.0GHz (Late 2018),Mac Mini,"8, 16, 32, 64"
Mac Mini i7 3.2GHz (Early 2020),Mac Mini,"8, 16, 32, 64"
Mac Mini i7 3.2GHz (Late 2018),Mac Mini,"8, 16, 32, 64"
Mac Pro M2 Ultra 24-Core CPU & 60-Core GPU (Mid 2023),Mac Pro,"64, 128, 192"
Mac Pro M2 Ultra 24-Core CPU & 60-Core GPU Rack (Mid 2023),Mac Pro,"64, 128, 192"
Mac Pro M2 Ultra 24-Core CPU & 76-Core GPU (Mid 2023),Mac Pro,"64, 128, 192"
Mac Pro M2 Ultra 24-Core CPU & 76-Core GPU Rack (Mid 2023),Mac Pro,"64, 128, 192"
Mac Studio M1 Max 10-Core CPU & 24-Core GPU (Early 2022),Mac Studio,"32, 64"
Mac Studio M1 Max 10-Core CPU & 32-Core GPU (Early 2022),Mac Studio,"32, 64"
Mac Studio M1 Ultra 20-Core CPU & 48-Core GPU (Early 2022),Mac Studio,"64, 128"
Mac Studio M1 Ultra 20-Core CPU & 64-Core GPU (Early 2022),Mac Studio,"64, 128"
Mac Studio M2 Max 12-Core CPU & 30-Core GPU (Mid 2023),Mac Studio,"32, 64, 96"
Mac Studio M2 Max 12-Core CPU & 38-Core GPU (Mid 2023),Mac Studio,"32, 64, 96"
Mac Studio M2 Ultra 24-Core CPU & 60-Core GPU (Mid 2023),Mac Studio,"64, 128, 192"
Mac Studio M2 Ultra 24-Core CPU & 76-Core GPU (Mid 2023),Mac Studio,"64, 128, 192"
Mac Studio M3 Ultra 28-Core CPU & 60‑core GPU (Early 2025),Mac Studio,"96, 192, 256"
Mac Studio M3 Ultra 32-Core CPU & 80‑core GPU (Early 2025),Mac Studio,"96, 192, 256"
Mac Studio M4 Max 14-Core CPU & 32‑core GPU (Early 2025),Mac Studio,"36, 64, 128"
Mac Studio M4 Max 16-Core CPU & 40‑core GPU (Early 2025),Mac Studio,"36, 64, 128"
MacBook Air M1 8-Core CPU & 7-Core GPU 13-inch (Late 2020),MacBook Air,"8, 16"
MacBook Air M1 8-Core CPU & 8-Core GPU 13-inch (Late 2020),MacBook Air,"8, 16"
MacBook Air M2 8-Core CPU & 10-Core GPU 13.6-inch (Mid 2022),MacBook Air,"8, 16, 24"
MacBook Air M2 8-Core CPU & 10-Core GPU 15-inch (Mid 2023),MacBook Air,"8, 16, 24"
MacBook Air M2 8-Core CPU & 8-Core GPU 13.6-inch (Mid 2022),MacBook Air,"8, 16, 24"
MacBook Air M3 8-Core CPU & 10-Core GPU 13.6-inch (Early 2024),MacBook Air,"8, 16, 24"
MacBook Air M3 8-Core CPU & 10-Core GPU 15-inch (Early 2024),MacBook Air,"8, 16, 24"
MacBook Air M3 8-Core CPU & 8-Core GPU 13.6-inch (Early 2024),MacBook Air,"8, 16, 24"
MacBook Air M4 10-Core CPU & 10-Core GPU 13-inch (Early 2025),MacBook Air,"16, 24, 32"
MacBook Air M4 10-Core CPU & 10-Core GPU 15-inch (Early 2025),MacBook Air,"16, 24, 32"
MacBook Air M4 10-Core CPU & 8-Core GPU 13-inch (Early 2025),MacBook Air,"16, 24, 32"
MacBook Air i3 1.1GHz 13-inch (Early 2020),MacBook Air,"8, 16"
MacBook Air i5 1.1GHz 13-inch (Early 2020),MacBook Air,"8, 16"
MacBook Air i5 1.6GHz 13-inch (Early 2015),MacBook Air,8
MacBook Air i5 1.6GHz 13-inch (Late 2018),MacBook Air,"8, 16"
MacBook Air i5 1.6GHz 13-inch (Mid 2019),MacBook Air,"8, 16"
MacBook Air i5 1.8GHz 13-inch (Mid 2017),MacBook Air,"8, 16"
MacBook Air i7 1.2GHz 13-inch (Early 2020),MacBook Air,"8, 16"
MacBook Air i7 2.2GHz 13-inch (Early 2015),MacBook Air,8
MacBook Air i7 2.2GHz 13-inch (Mid 2017),MacBook Air,"8, 16"
MacBook M3 1.1GHz 12-inch (Early 2016),MacBook,8
MacBook M3 1.2GHz 12-inch (Mid 2017),MacBook,"8, 16"
MacBook M5 1.2GHz 12-inch (Early 2016),MacBook,8
MacBook M7 1.3GHz 12-inch (Early 2016),MacBook,8
MacBook Pro 14-inch M1 Max 10-Core CPU & 24-Core GPU (2021),MacBook Pro,"32, 64"
MacBook Pro 14-inch M1 Max 10-Core CPU & 32-Core GPU (2021),MacBook Pro,"32, 64"
MacBook Pro 14-inch M1 Pro 10-Core CPU & 14-Core GPU (2021),MacBook Pro,"16, 32"
MacBook Pro 14-inch M1 Pro 10-Core CPU & 16-Core GPU (2021),MacBook Pro,"16, 32"
MacBook Pro 14-inch M1 Pro 8-Core CPU & 14-Core GPU (2021),MacBook Pro,"16, 32"
MacBook Pro 16-inch M1 Max 10-Core CPU & 24-Core GPU (2021),MacBook Pro,"32, 64"
MacBook Pro 16-inch M1 Max 10-Core CPU & 32-Core GPU (2021),MacBook Pro,"32, 64"
MacBook Pro 16-inch M1 Pro 10-Core CPU & 16-Core GPU (2021),MacBook Pro,"16, 32"
MacBook Pro M1 8-Core CPU & 8-Core GPU 13-inch (Late 2020),MacBook Pro,"8, 16"
MacBook Pro M2 8-Core CPU & 10-Core GPU 13-inch (Mid 2022),MacBook Pro,"8, 16, 24"
MacBook Pro M2 Max 12-Core CPU & 30-Core GPU 14-inch (Early 2023),MacBook Pro,"32, 64"
MacBook Pro M2 Max 12-Core CPU & 30-Core GPU 16-inch (Early 2023),MacBook Pro,"32, 64"
MacBook Pro M2 Max 12-Core CPU & 38-Core GPU 14-inch (Early 2023),MacBook Pro,"32, 64, 96"
MacBook Pro M2 Max 12-Core CPU & 38-Core GPU 16-inch (Early 2023),MacBook Pro,"32, 64, 96"
MacBook Pro M2 Pro 10-Core CPU & 16-Core GPU 14-inch (Early 2023),MacBook Pro,"16, 32"
MacBook Pro M2 Pro 12-Core CPU & 19-Core GPU 14-inch (Early 2023),MacBook Pro,"16, 32"
MacBook Pro M2 Pro 12-Core CPU & 19-Core GPU 16-inch (Early 2023),MacBook Pro,"16, 32"
MacBook Pro M3 8-Core CPU & 10-Core GPU 14-inch (Late 2023),MacBook Pro,"8, 16, 24"
MacBook Pro M3 Max 14-Core CPU & 30-Core GPU 14-inch (Late 2023),MacBook Pro,"36, 96"
MacBook Pro M3 Max 14-Core CPU & 30-Core GPU 16-inch (Late 2023),MacBook Pro,"36, 96"
MacBook Pro M3 Max 16-Core CPU & 40-Core GPU 14-inch (Late 2023),MacBook Pro,"48, 64, 128"
MacBook Pro M3 Max 16-Core CPU & 40-Core GPU 16-inch (Late 2023),MacBook Pro,"48, 64, 128"
MacBook Pro M3 Pro 11-Core CPU & 14-Core GPU 14-inch (Late 2023),MacBook Pro,"18, 36"
MacBook Pro M3 Pro 12-Core CPU & 18-Core GPU 14-inch (Late 2023),MacBook Pro,"18, 36"
MacBook Pro M3 Pro 12-Core CPU & 18-Core GPU 16-inch (Late 2023),MacBook Pro,"18, 36"
MacBook Pro M4 10-Core CPU & 10-Core GPU 14-inch (Late 2024),MacBook Pro,"16, 24, 32"
MacBook Pro M4 Max 14-Core CPU & 32-Core GPU 14-inch (Late 2024),MacBook Pro,"36, 48, 64, 128"
MacBook Pro M4 Max 14-Core CPU & 32-Core GPU 16-inch (Late 2024),MacBook Pro,"36, 48, 64, 128"
MacBook Pro M4 Max 16-Core CPU & 40-Core GPU 14-inch (Late 2024),MacBook Pro,"36, 48, 64, 128"
MacBook Pro M4 Max 16-Core CPU & 40-Core GPU 16-inch (Late 2024),MacBook Pro,"36, 48, 64, 128"
MacBook Pro M4 Pro 12-Core CPU & 16-Core GPU 14-inch (Late 2024),MacBook Pro,"24, 48, 64"
MacBook Pro M4 Pro 14-Core CPU & 20-Core GPU 14-inch (Late 2024),MacBook Pro,"24, 48, 64"
MacBook Pro M4 Pro 14-Core CPU & 20-Core GPU 16-inch (Late 2024),MacBook Pro,"24, 48, 64"
MacBook Pro M5 10-Core CPU & 10-Core GPU 14-inch (Late 2025),MacBook Pro,"16, 24, 32"
MacBook Pro i5 1.4GHz 13-inch (Mid 2019),MacBook Pro,"8, 16"
MacBook Pro i5 1.4GHz 13-inch (Mid 2020),MacBook Pro,"8, 16"
MacBook Pro i5 2.0GHz 13-inch (Late 2016),MacBook Pro,"8, 16"
MacBook Pro i5 2.0GHz 13-inch (Mid 2020),MacBook Pro,"16, 32"
MacBook Pro i5 2.3GHz 13-inch (Mid 2017),MacBook Pro,"8, 16"
MacBook Pro i5 2.3GHz 13-inch (Mid 2018),MacBook Pro,"8, 16"
MacBook Pro i5 2.4GHz 13-inch (Mid 2019),MacBook Pro,"8, 16"
MacBook Pro i5 2.7GHz 13-inch (Early 2015),MacBook Pro,"8, 16"
MacBook Pro i5 2.9GHz 13-inch (Early 2015),MacBook Pro,"8, 16"
MacBook Pro i5 2.9GHz 13-inch (Late 2016),MacBook Pro,"8, 16"
MacBook Pro i5 3.1GHz 13-inch (Late 2016),MacBook Pro,"8, 16"
MacBook Pro i5 3.1GHz 13-inch (Mid 2017),MacBook Pro,"8, 16"
MacBook Pro i5 3.3GHz 13-inch (Mid 2017),MacBook Pro,"8, 16"
MacBook Pro i7 1.7GHz 13-inch (Mid 2019),MacBook Pro,"8, 16"
MacBook Pro i7 1.7GHz 13-inch (Mid 2020),MacBook Pro,"8, 16"
MacBook Pro i7 2.2GHz 15-inch (Mid 2015),MacBook Pro,16
MacBook Pro i7 2.2GHz 15-inch (Mid 2018),MacBook Pro,"16, 32"
MacBook Pro i7 2.3GHz 13-inch (Mid 2020),MacBook Pro,"16, 32"
MacBook Pro i7 2.4GHz 13-inch (Late 2016),MacBook Pro,"8, 16"
MacBook Pro i7 2.5GHz 13-inch (Mid 2017),MacBook Pro,"8, 16"
MacBook Pro i7 2.5GHz 15-inch (Mid 2015),MacBook Pro,16
MacBook Pro i7 2.6GHz 15-inch (Late 2016),MacBook Pro,16
MacBook Pro i7 2.6GHz 15-inch (Mid 2018),MacBook Pro,"16, 32"
MacBook Pro i7 2.6GHz 15-inch (Mid 2019),MacBook Pro,"16, 32"
MacBook Pro i7 2.6GHz 16-inch (Late 2019),MacBook Pro,"16, 32, 64"
MacBook Pro i7 2.7GHz 13-inch (Mid 2018),MacBook Pro,"8, 16"
MacBook Pro i7 2.7GHz 15-inch (Late 2016),MacBook Pro,16
MacBook Pro i7 2.8GHz 13-inch (Mid 2019),MacBook Pro,"8, 16"
MacBook Pro i7 2.8GHz 15-inch (Mid 2015),MacBook Pro,16
MacBook Pro i7 2.8GHz 15-inch (Mid 2017),MacBook Pro,"16, 32"
MacBook Pro i7 2.9GHz 15-inch (Late 2016),MacBook Pro,16
MacBook Pro i7 2.9GHz 15-inch (Mid 2017),MacBook Pro,"16, 32"
MacBook Pro i7 3.1GHz 13-inch (Early 2015),MacBook Pro,"8, 16"
MacBook Pro i7 3.1GHz 15-inch (Mid 2017),MacBook Pro,"16, 32"
MacBook Pro i7 3.3GHz 13-inch (Late 2016),MacBook Pro,"8, 16"
MacBook Pro i7 3.5GHz 13-inch (Mid 2017),MacBook Pro,"8, 16"
MacBook Pro i9 2.3GHz 15-inch (Mid 2019),MacBook Pro,"16, 32"
MacBook Pro i9 2.3GHz 16-inch (Late 2019),MacBook Pro,"16, 32, 64"
MacBook Pro i9 2.4GHz 15-inch (Mid 2019),MacBook Pro,"16, 32"
MacBook Pro i9 2.4GHz 16-inch (Late 2019),MacBook Pro,"16, 32, 64"
MacBook Pro i9 2.9GHz 15-inch (Mid 2018),MacBook Pro,"16, 32"
MacBook i5 1.3GHz 12-inch (Mid 2017),MacBook,"8, 16"
MacBook i7 1.4GHz 12-inch (Mid 2017),MacBook,"8, 16"
iMac M1 8-Core CPU & 7-Core GPU 24-inch (Early 2021),iMac,"8, 16"
iMac M1 8-Core CPU & 8-Core GPU 24-inch (Early 2021),iMac,"8, 16"
iMac M3 8-Core CPU & 10-Core GPU 24-inch (Late 2023),iMac,"8, 16, 24"
iMac M3 8-Core CPU & 8-Core GPU 24-inch (Late 2023),iMac,"8, 16, 24"
iMac M4 10-Core CPU & 10-Core GPU 24-inch (Late 2024),iMac,"16, 24, 32"
iMac M4 8-Core CPU & 8-Core GPU 24-inch (Late 2024),iMac,"16, 24, 32"
iMac Pro Xeon W 2.3GHz 27-inch (Late 2017),iMac Pro,"32, 64, 128"
iMac Pro Xeon W 2.5GHz 27-inch (Late 2017),iMac Pro,"32, 64, 128"
iMac Pro Xeon W 3.0GHz 27-inch (Late 2017),iMac Pro,"32, 64, 128"
iMac Pro Xeon W 3.2GHz 27-inch (Late 2017),iMac Pro,"32, 64, 128"
iMac i5 3.0GHz 27-inch (Early 2019),iMac,"8, 16, 32, 64"
iMac i5 3.1GHz 27-inch (Early 2019),iMac,"8, 16, 32, 64"
iMac i5 3.1GHz 27-inch (Mid 2020),iMac,"8, 16, 32, 64, 128"
iMac i5 3.3GHz 27-inch (Mid 2020),iMac,"8, 16, 32, 64, 128"
iMac i5 3.4GHz 27-inch (Mid 2017),iMac,"8, 16, 32, 64"
iMac i5 3.5GHz 27-inch (Mid 2017),iMac,"8, 16, 32, 64"
iMac i5 3.7GHz 27-inch (Early 2019),iMac,"8, 16, 32, 64"
iMac i5 3.8GHz 27-inch (Mid 2017),iMac,"8, 16, 32, 64"
iMac i7 3.8GHz 27-inch (Mid 2020),iMac,"8, 16, 32, 64, 128"
iMac i7 4.2GHz 27-inch (Mid 2017),iMac,"8, 16, 32, 64"
iMac i9 3.6GHz 27-inch (Early 2019),iMac,"8, 16, 32, 64"
iMac i9 3.6GHz 27-inch (Mid 2020),iMac,"8, 16, 32, 64, 128"
