Collection Date,Pricing Category,Provider,Device,Model,Specification,Max. Trade-In Value (RM),Source URL
,Trade-in Platform,CompAsia,Mac,iMac i5 3.0GHz 27 inch (Early 2019),1TB Fusion Drive,425,https://compasia.my/pages/trade-in
,Trade-in Platform,CompAsia,Mac,iMac i5 3.0GHz 27 inch (Early 2019),1TB SSD,450,https://compasia.my/pages/trade-in
,Trade-in Platform,CompAsia,Mac,iMac i5 3.0GHz 27 inch (Early 2019),256GB SSD,350,https://compasia.my/pages/trade-in
,Trade-in Platform,CompAsia,Mac,iMac i5 3.0GHz 27 inch (Early 2019),2TB Fusion Drive,475,https://compasia.my/pages/trade-in
,Trade-in Platform,CompAsia,Mac,iMac i5 3.0GHz 27 inch (Early 2019),512GB SSD,425,https://compasia.my/pages/trade-in
,Trade-in Platform,CompAsia,Mac,iMac i5 3.1GHz 27 inch (Early 2019),1TB Fusion Drive,500,https://compasia.my/pages/trade-in
,Trade-in Platform,CompAsia,Mac,iMac i5 3.1GHz 27 inch (Early 2019),1TB SSD,550,https://compasia.my/pages/trade-in
,Trade-in Platform,CompAsia,Mac,iMac i5 3.1GHz 27 inch (Early 2019),256GB SSD,450,https://compasia.my/pages/trade-in
,Trade-in Platform,CompAsia,Mac,iMac i5 3.1GHz 27 inch (Early 2019),2TB Fusion Drive,625,https://compasia.my/pages/trade-in
,Trade-in Platform,CompAsia,Mac,iMac i5 3.1GHz 27 inch (Early 2019),3TB Fusion Drive,700,https://compasia.my/pages/trade-in
,Trade-in Platform,CompAsia,Mac,iMac i5 3.1GHz 27 inch (Early 2019),512GB SSD,500,https://compasia.my/pages/trade-in
,Trade-in Platform,CompAsia,Mac,iMac i5 3.1GHz 27 inch (Mid 2020),256GB SSD,650,https://compasia.my/pages/trade-in
,Trade-in Platform,CompAsia,Mac,iMac i5 3.3GHz 27 inch (Mid 2020),1TB SSD,825,https://compasia.my/pages/trade-in
,Trade-in Platform,CompAsia,Mac,iMac i5 3.3GHz 27 inch (Mid 2020),2TB SSD,950,https://compasia.my/pages/trade-in
,Trade-in Platform,CompAsia,Mac,iMac i5 3.3GHz 27 inch (Mid 2020),512GB SSD,775,https://compasia.my/pages/trade-in
,Trade-in Platform,CompAsia,Mac,iMac i5 3.4GHz 27 inch (Mid 2017),1TB Fusion Drive,375,https://compasia.my/pages/trade-in
,Trade-in Platform,CompAsia,Mac,iMac i5 3.4GHz 27 inch (Mid 2017),1TB SSD,375,https://compasia.my/pages/trade-in
,Trade-in Platform,CompAsia,Mac,iMac i5 3.4GHz 27 inch (Mid 2017),256GB SSD,275,https://compasia.my/pages/trade-in
,Trade-in Platform,CompAsia,Mac,iMac i5 3.4GHz 27 inch (Mid 2017),2TB Fusion Drive,425,https://compasia.my/pages/trade-in
,Trade-in Platform,CompAsia,Mac,iMac i5 3.4GHz 27 inch (Mid 2017),512GB SSD,300,https://compasia.my/pages/trade-in
,Trade-in Platform,CompAsia,Mac,iMac i5 3.5GHz 27 inch (Mid 2017),1TB Fusion Drive,375,https://compasia.my/pages/trade-in
,Trade-in Platform,CompAsia,Mac,iMac i5 3.5GHz 27 inch (Mid 2017),1TB SSD,375,https://compasia.my/pages/trade-in
,Trade-in Platform,CompAsia,Mac,iMac i5 3.5GHz 27 inch (Mid 2017),256GB SSD,275,https://compasia.my/pages/trade-in
,Trade-in Platform,CompAsia,Mac,iMac i5 3.5GHz 27 inch (Mid 2017),2TB Fusion Drive,425,https://compasia.my/pages/trade-in
,Trade-in Platform,CompAsia,Mac,iMac i5 3.5GHz 27 inch (Mid 2017),3TB Fusion Drive,450,https://compasia.my/pages/trade-in
,Trade-in Platform,CompAsia,Mac,iMac i5 3.5GHz 27 inch (Mid 2017),512GB SSD,300,https://compasia.my/pages/trade-in
,Trade-in Platform,CompAsia,Mac,iMac i5 3.7GHz 27 inch (Early 2019),1TB SSD,625,https://compasia.my/pages/trade-in
,Trade-in Platform,CompAsia,Mac,iMac i5 3.7GHz 27 inch (Early 2019),2TB Fusion Drive,625,https://compasia.my/pages/trade-in
,Trade-in Platform,CompAsia,Mac,iMac i5 3.7GHz 27 inch (Early 2019),2TB SSD,675,https://compasia.my/pages/trade-in
,Trade-in Platform,CompAsia,Mac,iMac i5 3.7GHz 27 inch (Early 2019),3TB Fusion Drive,750,https://compasia.my/pages/trade-in
,Trade-in Platform,CompAsia,Mac,iMac i5 3.7GHz 27 inch (Early 2019),512GB SSD,625,https://compasia.my/pages/trade-in
,Trade-in Platform,CompAsia,Mac,iMac i5 3.8GHz 27 inch (Mid 2017),1TB SSD,375,https://compasia.my/pages/trade-in
,Trade-in Platform,CompAsia,Mac,iMac i5 3.8GHz 27 inch (Mid 2017),2TB Fusion Drive,425,https://compasia.my/pages/trade-in
,Trade-in Platform,CompAsia,Mac,iMac i5 3.8GHz 27 inch (Mid 2017),2TB SSD,425,https://compasia.my/pages/trade-in
,Trade-in Platform,CompAsia,Mac,iMac i5 3.8GHz 27 inch (Mid 2017),3TB Fusion Drive,450,https://compasia.my/pages/trade-in
,Trade-in Platform,CompAsia,Mac,iMac i5 3.8GHz 27 inch (Mid 2017),512GB SSD,300,https://compasia.my/pages/trade-in
,Trade-in Platform,CompAsia,Mac,iMac i7 3.8GHz 27 inch (Mid 2020),1TB SSD,975,https://compasia.my/pages/trade-in
,Trade-in Platform,CompAsia,Mac,iMac i7 3.8GHz 27 inch (Mid 2020),2TB SSD,1025,https://compasia.my/pages/trade-in
,Trade-in Platform,CompAsia,Mac,iMac i7 3.8GHz 27 inch (Mid 2020),4TB SSD,1250,https://compasia.my/pages/trade-in
,Trade-in Platform,CompAsia,Mac,iMac i7 3.8GHz 27 inch (Mid 2020),512GB SSD,875,https://compasia.my/pages/trade-in
,Trade-in Platform,CompAsia,Mac,iMac i7 3.8GHz 27 inch (Mid 2020),8TB SSD,1650,https://compasia.my/pages/trade-in
,Trade-in Platform,CompAsia,Mac,iMac i7 4.2GHz 27 inch (Mid 2017),1TB Fusion Drive,400,https://compasia.my/pages/trade-in
,Trade-in Platform,CompAsia,Mac,iMac i7 4.2GHz 27 inch (Mid 2017),1TB SSD,400,https://compasia.my/pages/trade-in
,Trade-in Platform,CompAsia,Mac,iMac i7 4.2GHz 27 inch (Mid 2017),256GB SSD,275,https://compasia.my/pages/trade-in
,Trade-in Platform,CompAsia,Mac,iMac i7 4.2GHz 27 inch (Mid 2017),2TB Fusion Drive,425,https://compasia.my/pages/trade-in
,Trade-in Platform,CompAsia,Mac,iMac i7 4.2GHz 27 inch (Mid 2017),2TB SSD,425,https://compasia.my/pages/trade-in
,Trade-in Platform,CompAsia,Mac,iMac i7 4.2GHz 27 inch (Mid 2017),3TB Fusion Drive,450,https://compasia.my/pages/trade-in
,Trade-in Platform,CompAsia,Mac,iMac i7 4.2GHz 27 inch (Mid 2017),512GB SSD,300,https://compasia.my/pages/trade-in
,Trade-in Platform,CompAsia,Mac,iMac i9 3.6GHz 27 inch (Early 2019),1TB Fusion Drive,1100,https://compasia.my/pages/trade-in
,Trade-in Platform,CompAsia,Mac,iMac i9 3.6GHz 27 inch (Early 2019),1TB SSD,1175,https://compasia.my/pages/trade-in
,Trade-in Platform,CompAsia,Mac,iMac i9 3.6GHz 27 inch (Early 2019),256GB SSD,850,https://compasia.my/pages/trade-in
,Trade-in Platform,CompAsia,Mac,iMac i9 3.6GHz 27 inch (Early 2019),2TB Fusion Drive,1275,https://compasia.my/pages/trade-in
,Trade-in Platform,CompAsia,Mac,iMac i9 3.6GHz 27 inch (Early 2019),2TB SSD,1350,https://compasia.my/pages/trade-in
,Trade-in Platform,CompAsia,Mac,iMac i9 3.6GHz 27 inch (Early 2019),3TB Fusion Drive,1425,https://compasia.my/pages/trade-in
,Trade-in Platform,CompAsia,Mac,iMac i9 3.6GHz 27 inch (Early 2019),512GB SSD,975,https://compasia.my/pages/trade-in
,Trade-in Platform,CompAsia,Mac,iMac i9 3.6GHz 27 inch (Mid 2020),1TB SSD,1275,https://compasia.my/pages/trade-in
,Trade-in Platform,CompAsia,Mac,iMac i9 3.6GHz 27 inch (Mid 2020),2TB SSD,1475,https://compasia.my/pages/trade-in
,Trade-in Platform,CompAsia,Mac,iMac i9 3.6GHz 27 inch (Mid 2020),4TB SSD,1650,https://compasia.my/pages/trade-in
,Trade-in Platform,CompAsia,Mac,iMac i9 3.6GHz 27 inch (Mid 2020),512GB SSD,1175,https://compasia.my/pages/trade-in
,Trade-in Platform,CompAsia,Mac,iMac i9 3.6GHz 27 inch (Mid 2020),8TB SSD,1775,https://compasia.my/pages/trade-in
,Trade-in Platform,CompAsia,Mac,iMac M1 8-Core CPU and 7-Core GPU 24 inch (Early 2021),1TB SSD,675,https://compasia.my/pages/trade-in
,Trade-in Platform,CompAsia,Mac,iMac M1 8-Core CPU and 7-Core GPU 24 inch (Early 2021),256GB SSD,575,https://compasia.my/pages/trade-in
,Trade-in Platform,CompAsia,Mac,iMac M1 8-Core CPU and 7-Core GPU 24 inch (Early 2021),512GB SSD,575,https://compasia.my/pages/trade-in
,Trade-in Platform,CompAsia,Mac,iMac M1 8-Core CPU and 8-Core GPU 24 inch (Early 2021),1TB SSD,725,https://compasia.my/pages/trade-in
,Trade-in Platform,CompAsia,Mac,iMac M1 8-Core CPU and 8-Core GPU 24 inch (Early 2021),256GB SSD,650,https://compasia.my/pages/trade-in
,Trade-in Platform,CompAsia,Mac,iMac M1 8-Core CPU and 8-Core GPU 24 inch (Early 2021),2TB SSD,725,https://compasia.my/pages/trade-in
,Trade-in Platform,CompAsia,Mac,iMac M1 8-Core CPU and 8-Core GPU 24 inch (Early 2021),512GB SSD,725,https://compasia.my/pages/trade-in
,Trade-in Platform,CompAsia,Mac,iMac M3 8-Core CPU and 10-Core GPU 24 inch (Late 2023),1TB SSD,3250,https://compasia.my/pages/trade-in
,Trade-in Platform,CompAsia,Mac,iMac M3 8-Core CPU and 10-Core GPU 24 inch (Late 2023),256GB SSD,2650,https://compasia.my/pages/trade-in
,Trade-in Platform,CompAsia,Mac,iMac M3 8-Core CPU and 10-Core GPU 24 inch (Late 2023),2TB SSD,3725,https://compasia.my/pages/trade-in
,Trade-in Platform,CompAsia,Mac,iMac M3 8-Core CPU and 10-Core GPU 24 inch (Late 2023),512GB SSD,2950,https://compasia.my/pages/trade-in
,Trade-in Platform,CompAsia,Mac,iMac M3 8-Core CPU and 8-Core GPU 24 inch (Late 2023),1TB SSD,2800,https://compasia.my/pages/trade-in
,Trade-in Platform,CompAsia,Mac,iMac M3 8-Core CPU and 8-Core GPU 24 inch (Late 2023),256GB SSD,2175,https://compasia.my/pages/trade-in
,Trade-in Platform,CompAsia,Mac,iMac M3 8-Core CPU and 8-Core GPU 24 inch (Late 2023),512GB SSD,2500,https://compasia.my/pages/trade-in
,Trade-in Platform,CompAsia,Mac,iMac M4 10-Core CPU and 10 Core GPU 24 inch (Late 2024),1TB SSD,3575,https://compasia.my/pages/trade-in
,Trade-in Platform,CompAsia,Mac,iMac M4 10-Core CPU and 10 Core GPU 24 inch (Late 2024),256GB SSD,2725,https://compasia.my/pages/trade-in
,Trade-in Platform,CompAsia,Mac,iMac M4 10-Core CPU and 10 Core GPU 24 inch (Late 2024),2TB SSD,3925,https://compasia.my/pages/trade-in
,Trade-in Platform,CompAsia,Mac,iMac M4 10-Core CPU and 10 Core GPU 24 inch (Late 2024),512GB SSD,3200,https://compasia.my/pages/trade-in
,Trade-in Platform,CompAsia,Mac,iMac M4 8-Core CPU and 8 Core GPU 24 inch (Late 2024),1TB SSD,3200,https://compasia.my/pages/trade-in
,Trade-in Platform,CompAsia,Mac,iMac M4 8-Core CPU and 8 Core GPU 24 inch (Late 2024),256GB SSD,2450,https://compasia.my/pages/trade-in
,Trade-in Platform,CompAsia,Mac,iMac M4 8-Core CPU and 8 Core GPU 24 inch (Late 2024),512GB SSD,2825,https://compasia.my/pages/trade-in
,Trade-in Platform,CompAsia,Mac,iMac Pro Xeon W 2.3GHz 27 inch (Late 2017),1TB SSD,750,https://compasia.my/pages/trade-in
,Trade-in Platform,CompAsia,Mac,iMac Pro Xeon W 2.3GHz 27 inch (Late 2017),2TB SSD,850,https://compasia.my/pages/trade-in
,Trade-in Platform,CompAsia,Mac,iMac Pro Xeon W 2.3GHz 27 inch (Late 2017),4TB SSD,950,https://compasia.my/pages/trade-in
,Trade-in Platform,CompAsia,Mac,iMac Pro Xeon W 2.5GHz 27 inch (Late 2017),1TB SSD,900,https://compasia.my/pages/trade-in
,Trade-in Platform,CompAsia,Mac,iMac Pro Xeon W 2.5GHz 27 inch (Late 2017),2TB SSD,975,https://compasia.my/pages/trade-in
,Trade-in Platform,CompAsia,Mac,iMac Pro Xeon W 2.5GHz 27 inch (Late 2017),4TB SSD,1050,https://compasia.my/pages/trade-in
,Trade-in Platform,CompAsia,Mac,iMac Pro Xeon W 3.0GHz 27 inch (Late 2017),1TB SSD,950,https://compasia.my/pages/trade-in
,Trade-in Platform,CompAsia,Mac,iMac Pro Xeon W 3.0GHz 27 inch (Late 2017),2TB SSD,975,https://compasia.my/pages/trade-in
,Trade-in Platform,CompAsia,Mac,iMac Pro Xeon W 3.0GHz 27 inch (Late 2017),4TB SSD,1000,https://compasia.my/pages/trade-in
,Trade-in Platform,CompAsia,Mac,iMac Pro Xeon W 3.2GHz 27 inch (Late 2017),1TB SSD,750,https://compasia.my/pages/trade-in
,Trade-in Platform,CompAsia,Mac,iMac Pro Xeon W 3.2GHz 27 inch (Late 2017),2TB SSD,850,https://compasia.my/pages/trade-in
,Trade-in Platform,CompAsia,Mac,iMac Pro Xeon W 3.2GHz 27 inch (Late 2017),4TB SSD,950,https://compasia.my/pages/trade-in
,Trade-in Platform,CompAsia,Mac,MacBook Air i3 1.1GHz 13 inch (Early 2020),1TB SSD,350,https://compasia.my/pages/trade-in
,Trade-in Platform,CompAsia,Mac,MacBook Air i3 1.1GHz 13 inch (Early 2020),256GB SSD,345,https://compasia.my/pages/trade-in
,Trade-in Platform,CompAsia,Mac,MacBook Air i3 1.1GHz 13 inch (Early 2020),2TB SSD,420,https://compasia.my/pages/trade-in
,Trade-in Platform,CompAsia,Mac,MacBook Air i3 1.1GHz 13 inch (Early 2020),512GB SSD,350,https://compasia.my/pages/trade-in
,Trade-in Platform,CompAsia,Mac,MacBook Air i5 1.1GHz 13 inch (Early 2020),1TB SSD,475,https://compasia.my/pages/trade-in
,Trade-in Platform,CompAsia,Mac,MacBook Air i5 1.1GHz 13 inch (Early 2020),256GB SSD,450,https://compasia.my/pages/trade-in
,Trade-in Platform,CompAsia,Mac,MacBook Air i5 1.1GHz 13 inch (Early 2020),2TB SSD,550,https://compasia.my/pages/trade-in
,Trade-in Platform,CompAsia,Mac,MacBook Air i5 1.1GHz 13 inch (Early 2020),512GB SSD,475,https://compasia.my/pages/trade-in
,Trade-in Platform,CompAsia,Mac,MacBook Air i5 1.6GHz 13 inch (Late 2018),128GB SSD,400,https://compasia.my/pages/trade-in
,Trade-in Platform,CompAsia,Mac,MacBook Air i5 1.6GHz 13 inch (Late 2018),1.5TB SSD,500,https://compasia.my/pages/trade-in
,Trade-in Platform,CompAsia,Mac,MacBook Air i5 1.6GHz 13 inch (Late 2018),256GB SSD,400,https://compasia.my/pages/trade-in
,Trade-in Platform,CompAsia,Mac,MacBook Air i5 1.6GHz 13 inch (Late 2018),512GB SSD,475,https://compasia.my/pages/trade-in
,Trade-in Platform,CompAsia,Mac,MacBook Air i5 1.6GHz 13 inch (Mid 2019),128GB SSD,400,https://compasia.my/pages/trade-in
,Trade-in Platform,CompAsia,Mac,MacBook Air i5 1.6GHz 13 inch (Mid 2019),1TB SSD,475,https://compasia.my/pages/trade-in
,Trade-in Platform,CompAsia,Mac,MacBook Air i5 1.6GHz 13 inch (Mid 2019),256GB SSD,400,https://compasia.my/pages/trade-in
,Trade-in Platform,CompAsia,Mac,MacBook Air i5 1.6GHz 13 inch (Mid 2019),512GB SSD,475,https://compasia.my/pages/trade-in
,Trade-in Platform,CompAsia,Mac,MacBook Air i5 1.8GHz 13 inch (Mid 2017),128GB SSD,175,https://compasia.my/pages/trade-in
,Trade-in Platform,CompAsia,Mac,MacBook Air i5 1.8GHz 13 inch (Mid 2017),256GB SSD,225,https://compasia.my/pages/trade-in
,Trade-in Platform,CompAsia,Mac,MacBook Air i5 1.8GHz 13 inch (Mid 2017),512GB SSD,250,https://compasia.my/pages/trade-in
,Trade-in Platform,CompAsia,Mac,MacBook Air i7 1.2GHz 13 inch (Early 2020),1TB SSD,500,https://compasia.my/pages/trade-in
,Trade-in Platform,CompAsia,Mac,MacBook Air i7 1.2GHz 13 inch (Early 2020),256GB SSD,475,https://compasia.my/pages/trade-in
,Trade-in Platform,CompAsia,Mac,MacBook Air i7 1.2GHz 13 inch (Early 2020),2TB SSD,575,https://compasia.my/pages/trade-in
,Trade-in Platform,CompAsia,Mac,MacBook Air i7 1.2GHz 13 inch (Early 2020),512GB SSD,475,https://compasia.my/pages/trade-in
,Trade-in Platform,CompAsia,Mac,MacBook Air i7 2.2GHz 13 inch (Mid 2017),128GB SSD,250,https://compasia.my/pages/trade-in
,Trade-in Platform,CompAsia,Mac,MacBook Air i7 2.2GHz 13 inch (Mid 2017),256GB SSD,300,https://compasia.my/pages/trade-in
,Trade-in Platform,CompAsia,Mac,MacBook Air i7 2.2GHz 13 inch (Mid 2017),512GB SSD,425,https://compasia.my/pages/trade-in
,Trade-in Platform,CompAsia,Mac,MacBook Air M1 8-Core CPU and 7-Core GPU 13 inch (Late 2020),128GB SSD,505,https://compasia.my/pages/trade-in
,Trade-in Platform,CompAsia,Mac,MacBook Air M1 8-Core CPU and 7-Core GPU 13 inch (Late 2020),1TB SSD,605,https://compasia.my/pages/trade-in
,Trade-in Platform,CompAsia,Mac,MacBook Air M1 8-Core CPU and 7-Core GPU 13 inch (Late 2020),256GB SSD,605,https://compasia.my/pages/trade-in
,Trade-in Platform,CompAsia,Mac,MacBook Air M1 8-Core CPU and 7-Core GPU 13 inch (Late 2020),2TB SSD,705,https://compasia.my/pages/trade-in
,Trade-in Platform,CompAsia,Mac,MacBook Air M1 8-Core CPU and 7-Core GPU 13 inch (Late 2020),512GB SSD,605,https://compasia.my/pages/trade-in
,Trade-in Platform,CompAsia,Mac,MacBook Air M1 8-Core CPU and 8-Core GPU 13 inch (Late 2020),1TB SSD,705,https://compasia.my/pages/trade-in
,Trade-in Platform,CompAsia,Mac,MacBook Air M1 8-Core CPU and 8-Core GPU 13 inch (Late 2020),256GB SSD,570,https://compasia.my/pages/trade-in
,Trade-in Platform,CompAsia,Mac,MacBook Air M1 8-Core CPU and 8-Core GPU 13 inch (Late 2020),2TB SSD,755,https://compasia.my/pages/trade-in
,Trade-in Platform,CompAsia,Mac,MacBook Air M1 8-Core CPU and 8-Core GPU 13 inch (Late 2020),512GB SSD,655,https://compasia.my/pages/trade-in
,Trade-in Platform,CompAsia,Mac,MacBook Air M2 8-Core CPU and 10-Core GPU 13.6 inch (Mid 2022),1TB SSD,1550,https://compasia.my/pages/trade-in
,Trade-in Platform,CompAsia,Mac,MacBook Air M2 8-Core CPU and 10-Core GPU 13.6 inch (Mid 2022),256GB SSD,1200,https://compasia.my/pages/trade-in
,Trade-in Platform,CompAsia,Mac,MacBook Air M2 8-Core CPU and 10-Core GPU 13.6 inch (Mid 2022),2TB SSD,2015,https://compasia.my/pages/trade-in
,Trade-in Platform,CompAsia,Mac,MacBook Air M2 8-Core CPU and 10-Core GPU 13.6 inch (Mid 2022),512GB SSD,1395,https://compasia.my/pages/trade-in
,Trade-in Platform,CompAsia,Mac,MacBook Air M2 8-Core CPU and 10-Core GPU 15 inch (Mid 2023),1TB SSD,2245,https://compasia.my/pages/trade-in
,Trade-in Platform,CompAsia,Mac,MacBook Air M2 8-Core CPU and 10-Core GPU 15 inch (Mid 2023),256GB SSD,1855,https://compasia.my/pages/trade-in
,Trade-in Platform,CompAsia,Mac,MacBook Air M2 8-Core CPU and 10-Core GPU 15 inch (Mid 2023),2TB SSD,2815,https://compasia.my/pages/trade-in
,Trade-in Platform,CompAsia,Mac,MacBook Air M2 8-Core CPU and 10-Core GPU 15 inch (Mid 2023),512GB SSD,2015,https://compasia.my/pages/trade-in
,Trade-in Platform,CompAsia,Mac,MacBook Air M2 8-Core CPU and 8-Core GPU 13.6 inch (Mid 2022),1TB SSD,1550,https://compasia.my/pages/trade-in
,Trade-in Platform,CompAsia,Mac,MacBook Air M2 8-Core CPU and 8-Core GPU 13.6 inch (Mid 2022),256GB SSD,1200,https://compasia.my/pages/trade-in
,Trade-in Platform,CompAsia,Mac,MacBook Air M2 8-Core CPU and 8-Core GPU 13.6 inch (Mid 2022),2TB SSD,1990,https://compasia.my/pages/trade-in
,Trade-in Platform,CompAsia,Mac,MacBook Air M2 8-Core CPU and 8-Core GPU 13.6 inch (Mid 2022),512GB SSD,1395,https://compasia.my/pages/trade-in
,Trade-in Platform,CompAsia,Mac,MacBook Air M3 8-Core CPU and 10-Core GPU 13.6 inch (Early 2024),1TB SSD,2450,https://compasia.my/pages/trade-in
,Trade-in Platform,CompAsia,Mac,MacBook Air M3 8-Core CPU and 10-Core GPU 13.6 inch (Early 2024),256GB SSD,1950,https://compasia.my/pages/trade-in
,Trade-in Platform,CompAsia,Mac,MacBook Air M3 8-Core CPU and 10-Core GPU 13.6 inch (Early 2024),2TB SSD,3125,https://compasia.my/pages/trade-in
,Trade-in Platform,CompAsia,Mac,MacBook Air M3 8-Core CPU and 10-Core GPU 13.6 inch (Early 2024),512GB SSD,2125,https://compasia.my/pages/trade-in
,Trade-in Platform,CompAsia,Mac,MacBook Air M3 8-Core CPU and 10-Core GPU 15 inch (Early 2024),1TB SSD,3075,https://compasia.my/pages/trade-in
,Trade-in Platform,CompAsia,Mac,MacBook Air M3 8-Core CPU and 10-Core GPU 15 inch (Early 2024),256GB SSD,2275,https://compasia.my/pages/trade-in
,Trade-in Platform,CompAsia,Mac,MacBook Air M3 8-Core CPU and 10-Core GPU 15 inch (Early 2024),2TB SSD,3475,https://compasia.my/pages/trade-in
,Trade-in Platform,CompAsia,Mac,MacBook Air M3 8-Core CPU and 10-Core GPU 15 inch (Early 2024),512GB SSD,2500,https://compasia.my/pages/trade-in
,Trade-in Platform,CompAsia,Mac,MacBook Air M3 8-Core CPU and 8-Core GPU 13.6 inch (Early 2024),256GB SSD,1950,https://compasia.my/pages/trade-in
,Trade-in Platform,CompAsia,Mac,MacBook Air M4 10-Core CPU and 10-Core GPU 13 inch (Early 2025),1TB SSD,3125,https://compasia.my/pages/trade-in
,Trade-in Platform,CompAsia,Mac,MacBook Air M4 10-Core CPU and 10-Core GPU 13 inch (Early 2025),256GB SSD,2450,https://compasia.my/pages/trade-in
,Trade-in Platform,CompAsia,Mac,MacBook Air M4 10-Core CPU and 10-Core GPU 13 inch (Early 2025),2TB SSD,4000,https://compasia.my/pages/trade-in
,Trade-in Platform,CompAsia,Mac,MacBook Air M4 10-Core CPU and 10-Core GPU 13 inch (Early 2025),512GB SSD,2675,https://compasia.my/pages/trade-in
,Trade-in Platform,CompAsia,Mac,MacBook Air M4 10-Core CPU and 10-Core GPU 15 inch (Early 2025),1TB SSD,3600,https://compasia.my/pages/trade-in
,Trade-in Platform,CompAsia,Mac,MacBook Air M4 10-Core CPU and 10-Core GPU 15 inch (Early 2025),256GB SSD,2750,https://compasia.my/pages/trade-in
,Trade-in Platform,CompAsia,Mac,MacBook Air M4 10-Core CPU and 10-Core GPU 15 inch (Early 2025),2TB SSD,4400,https://compasia.my/pages/trade-in
,Trade-in Platform,CompAsia,Mac,MacBook Air M4 10-Core CPU and 10-Core GPU 15 inch (Early 2025),512GB SSD,2975,https://compasia.my/pages/trade-in
,Trade-in Platform,CompAsia,Mac,MacBook Air M4 10-Core CPU and 8-Core GPU 13 inch (Early 2025),256GB SSD,2250,https://compasia.my/pages/trade-in
,Trade-in Platform,CompAsia,Mac,Macbook i5 1.3GHz 12 inch (Mid 2017),256GB SSD,275,https://compasia.my/pages/trade-in
,Trade-in Platform,CompAsia,Mac,Macbook i5 1.3GHz 12 inch (Mid 2017),512GB SSD,375,https://compasia.my/pages/trade-in
,Trade-in Platform,CompAsia,Mac,Macbook i7 1.4GHz 12 inch (Mid 2017),256GB SSD,325,https://compasia.my/pages/trade-in
,Trade-in Platform,CompAsia,Mac,Macbook i7 1.4GHz 12 inch (Mid 2017),512GB SSD,425,https://compasia.my/pages/trade-in
,Trade-in Platform,CompAsia,Mac,Macbook m3 1.2GHz 12 inch (Mid 2017),256GB SSD,275,https://compasia.my/pages/trade-in
,Trade-in Platform,CompAsia,Mac,MacBook Pro 14 inch M1 Max 10-Core CPU & 24-Core GPU (2021),1TB SSD,2725,https://compasia.my/pages/trade-in
,Trade-in Platform,CompAsia,Mac,MacBook Pro 14 inch M1 Max 10-Core CPU & 24-Core GPU (2021),2TB SSD,2775,https://compasia.my/pages/trade-in
,Trade-in Platform,CompAsia,Mac,MacBook Pro 14 inch M1 Max 10-Core CPU & 24-Core GPU (2021),4TB SSD,3550,https://compasia.my/pages/trade-in
,Trade-in Platform,CompAsia,Mac,MacBook Pro 14 inch M1 Max 10-Core CPU & 24-Core GPU (2021),512GB SSD,2525,https://compasia.my/pages/trade-in
,Trade-in Platform,CompAsia,Mac,MacBook Pro 14 inch M1 Max 10-Core CPU & 24-Core GPU (2021),8TB SSD,4175,https://compasia.my/pages/trade-in
,Trade-in Platform,CompAsia,Mac,MacBook Pro 14 inch M1 Max 10-Core CPU & 32-Core GPU (2021),1TB SSD,2875,https://compasia.my/pages/trade-in
,Trade-in Platform,CompAsia,Mac,MacBook Pro 14 inch M1 Max 10-Core CPU & 32-Core GPU (2021),2TB SSD,3250,https://compasia.my/pages/trade-in
,Trade-in Platform,CompAsia,Mac,MacBook Pro 14 inch M1 Max 10-Core CPU & 32-Core GPU (2021),4TB SSD,3725,https://compasia.my/pages/trade-in
,Trade-in Platform,CompAsia,Mac,"MacBook Pro 14 inch M1 Max 10-Core CPU, 32-Core GPU (2021)",512GB SSD,2725,https://compasia.my/pages/trade-in
,Trade-in Platform,CompAsia,Mac,MacBook Pro 14 inch M1 Max 10-Core CPU & 32-Core GPU (2021),8TB SSD,4325,https://compasia.my/pages/trade-in
,Trade-in Platform,CompAsia,Mac,MacBook Pro 14 inch M1 Pro 10-Core CPU & 14-Core GPU (2021),1TB SSD,2150,https://compasia.my/pages/trade-in
,Trade-in Platform,CompAsia,Mac,MacBook Pro 14 inch M1 Pro 10-Core CPU & 14-Core GPU (2021),2TB SSD,2375,https://compasia.my/pages/trade-in
,Trade-in Platform,CompAsia,Mac,MacBook Pro 14 inch M1 Pro 10-Core CPU & 14-Core GPU (2021),4TB SSD,2850,https://compasia.my/pages/trade-in
,Trade-in Platform,CompAsia,Mac,MacBook Pro 14 inch M1 Pro 10-Core CPU & 14-Core GPU (2021),512GB SSD,1950,https://compasia.my/pages/trade-in
,Trade-in Platform,CompAsia,Mac,MacBook Pro 14 inch M1 Pro 10-Core CPU & 14-Core GPU (2021),8TB SSD,3600,https://compasia.my/pages/trade-in
,Trade-in Platform,CompAsia,Mac,MacBook Pro 14 inch M1 Pro 10-Core CPU & 16-Core GPU (2021),1TB SSD,2275,https://compasia.my/pages/trade-in
,Trade-in Platform,CompAsia,Mac,MacBook Pro 14 inch M1 Pro 10-Core CPU & 16-Core GPU (2021),2TB SSD,2525,https://compasia.my/pages/trade-in
,Trade-in Platform,CompAsia,Mac,MacBook Pro 14 inch M1 Pro 10-Core CPU & 16-Core GPU (2021),4TB SSD,3050,https://compasia.my/pages/trade-in
,Trade-in Platform,CompAsia,Mac,MacBook Pro 14 inch M1 Pro 10-Core CPU & 16-Core GPU (2021),512GB SSD,2100,https://compasia.my/pages/trade-in
,Trade-in Platform,CompAsia,Mac,MacBook Pro 14 inch M1 Pro 10-Core CPU & 16-Core GPU (2021),8TB SSD,3725,https://compasia.my/pages/trade-in
,Trade-in Platform,CompAsia,Mac,MacBook Pro 14 inch M1 Pro 8-Core CPU & 14-Core GPU (2021),1TB SSD,2025,https://compasia.my/pages/trade-in
,Trade-in Platform,CompAsia,Mac,MacBook Pro 14 inch M1 Pro 8-Core CPU & 14-Core GPU (2021),2TB SSD,2050,https://compasia.my/pages/trade-in
,Trade-in Platform,CompAsia,Mac,MacBook Pro 14 inch M1 Pro 8-Core CPU & 14-Core GPU (2021),4TB SSD,2475,https://compasia.my/pages/trade-in
,Trade-in Platform,CompAsia,Mac,MacBook Pro 14 inch M1 Pro 8-Core CPU & 14-Core GPU (2021),512GB SSD,1800,https://compasia.my/pages/trade-in
,Trade-in Platform,CompAsia,Mac,MacBook Pro 14 inch M1 Pro 8-Core CPU & 14-Core GPU (2021),8TB SSD,3325,https://compasia.my/pages/trade-in
,Trade-in Platform,CompAsia,Mac,MacBook Pro 16 inch M1 Max 10-Core CPU & 24-Core GPU (2021),1TB SSD,2725,https://compasia.my/pages/trade-in
,Trade-in Platform,CompAsia,Mac,MacBook Pro 16 inch M1 Max 10-Core CPU & 24-Core GPU (2021),2TB SSD,3050,https://compasia.my/pages/trade-in
,Trade-in Platform,CompAsia,Mac,MacBook Pro 16 inch M1 Max 10-Core CPU & 24-Core GPU (2021),4TB SSD,3550,https://compasia.my/pages/trade-in
,Trade-in Platform,CompAsia,Mac,MacBook Pro 16 inch M1 Max 10-Core CPU & 24-Core GPU (2021),512GB SSD,2675,https://compasia.my/pages/trade-in
,Trade-in Platform,CompAsia,Mac,MacBook Pro 16 inch M1 Max 10-Core CPU & 24-Core GPU (2021),8TB SSD,4225,https://compasia.my/pages/trade-in
,Trade-in Platform,CompAsia,Mac,MacBook Pro 16 inch M1 Max 10-Core CPU & 32-Core GPU (2021),1TB SSD,2900,https://compasia.my/pages/trade-in
,Trade-in Platform,CompAsia,Mac,MacBook Pro 16 inch M1 Max 10-Core CPU & 32-Core GPU (2021),2TB SSD,3250,https://compasia.my/pages/trade-in
,Trade-in Platform,CompAsia,Mac,MacBook Pro 16 inch M1 Max 10-Core CPU & 32-Core GPU (2021),4TB SSD,3775,https://compasia.my/pages/trade-in
,Trade-in Platform,CompAsia,Mac,MacBook Pro 16 inch M1 Max 10-Core CPU & 32-Core GPU (2021),512GB SSD,2710,https://compasia.my/pages/trade-in
,Trade-in Platform,CompAsia,Mac,MacBook Pro 16 inch M1 Max 10-Core CPU & 32-Core GPU (2021),8TB SSD,4400,https://compasia.my/pages/trade-in
,Trade-in Platform,CompAsia,Mac,MacBook Pro 16 inch M1 Pro 10-Core CPU & 16-Core GPU (2021),1TB SSD,2275,https://compasia.my/pages/trade-in
,Trade-in Platform,CompAsia,Mac,MacBook Pro 16 inch M1 Pro 10-Core CPU & 16-Core GPU (2021),2TB SSD,2650,https://compasia.my/pages/trade-in
,Trade-in Platform,CompAsia,Mac,MacBook Pro 16 inch M1 Pro 10-Core CPU & 16-Core GPU (2021),4TB SSD,3175,https://compasia.my/pages/trade-in
,Trade-in Platform,CompAsia,Mac,MacBook Pro 16 inch M1 Pro 10-Core CPU & 16-Core GPU (2021),512GB SSD,2125,https://compasia.my/pages/trade-in
,Trade-in Platform,CompAsia,Mac,MacBook Pro 16 inch M1 Pro 10-Core CPU & 16-Core GPU (2021),8TB SSD,3800,https://compasia.my/pages/trade-in
,Trade-in Platform,CompAsia,Mac,MacBook Pro i5 1.4GHz 13 inch (Mid 2019),128GB SSD,400,https://compasia.my/pages/trade-in
,Trade-in Platform,CompAsia,Mac,MacBook Pro i5 1.4GHz 13 inch (Mid 2019),1TB SSD,600,https://compasia.my/pages/trade-in
,Trade-in Platform,CompAsia,Mac,MacBook Pro i5 1.4GHz 13 inch (Mid 2019),256GB SSD,475,https://compasia.my/pages/trade-in
,Trade-in Platform,CompAsia,Mac,MacBook Pro i5 1.4GHz 13 inch (Mid 2019),2TB SSD,650,https://compasia.my/pages/trade-in
,Trade-in Platform,CompAsia,Mac,MacBook Pro i5 1.4GHz 13 inch (Mid 2019),512GB SSD,525,https://compasia.my/pages/trade-in
,Trade-in Platform,CompAsia,Mac,MacBook Pro i5 1.4GHz 13 inch (Mid 2020),1TB SSD,725,https://compasia.my/pages/trade-in
,Trade-in Platform,CompAsia,Mac,MacBook Pro i5 1.4GHz 13 inch (Mid 2020),256GB SSD,625,https://compasia.my/pages/trade-in
,Trade-in Platform,CompAsia,Mac,MacBook Pro i5 1.4GHz 13 inch (Mid 2020),2TB SSD,750,https://compasia.my/pages/trade-in
,Trade-in Platform,CompAsia,Mac,MacBook Pro i5 1.4GHz 13 inch (Mid 2020),512GB SSD,675,https://compasia.my/pages/trade-in
,Trade-in Platform,CompAsia,Mac,MacBook Pro i5 2.0GHz 13 inch (Late 2016),1TB SSD,300,https://compasia.my/pages/trade-in
,Trade-in Platform,CompAsia,Mac,MacBook Pro i5 2.0GHz 13 inch (Late 2016),256GB SSD,250,https://compasia.my/pages/trade-in
,Trade-in Platform,CompAsia,Mac,MacBook Pro i5 2.0GHz 13 inch (Late 2016),512GB SSD,275,https://compasia.my/pages/trade-in
,Trade-in Platform,CompAsia,Mac,MacBook Pro i5 2.0GHz 13 inch (Mid 2020),1TB SSD,800,https://compasia.my/pages/trade-in
,Trade-in Platform,CompAsia,Mac,MacBook Pro i5 2.0GHz 13 inch (Mid 2020),2TB SSD,875,https://compasia.my/pages/trade-in
,Trade-in Platform,CompAsia,Mac,MacBook Pro i5 2.0GHz 13 inch (Mid 2020),4TB SSD,1025,https://compasia.my/pages/trade-in
,Trade-in Platform,CompAsia,Mac,MacBook Pro i5 2.0GHz 13 inch (Mid 2020),512GB SSD,725,https://compasia.my/pages/trade-in
,Trade-in Platform,CompAsia,Mac,MacBook Pro i5 2.3GHz 13 inch (Mid 2017),128GB SSD,300,https://compasia.my/pages/trade-in
,Trade-in Platform,CompAsia,Mac,MacBook Pro i5 2.3GHz 13 inch (Mid 2017),1TB SSD,500,https://compasia.my/pages/trade-in
,Trade-in Platform,CompAsia,Mac,MacBook Pro i5 2.3GHz 13 inch (Mid 2017),256GB SSD,425,https://compasia.my/pages/trade-in
,Trade-in Platform,CompAsia,Mac,MacBook Pro i5 2.3GHz 13 inch (Mid 2017),512GB SSD,450,https://compasia.my/pages/trade-in
,Trade-in Platform,CompAsia,Mac,MacBook Pro i5 2.3GHz 13 inch (Mid 2018),1TB SSD,675,https://compasia.my/pages/trade-in
,Trade-in Platform,CompAsia,Mac,MacBook Pro i5 2.3GHz 13 inch (Mid 2018),256GB SSD,600,https://compasia.my/pages/trade-in
,Trade-in Platform,CompAsia,Mac,MacBook Pro i5 2.3GHz 13 inch (Mid 2018),2TB SSD,700,https://compasia.my/pages/trade-in
,Trade-in Platform,CompAsia,Mac,MacBook Pro i5 2.3GHz 13 inch (Mid 2018),512GB SSD,650,https://compasia.my/pages/trade-in
,Trade-in Platform,CompAsia,Mac,MacBook Pro i5 2.4GHz 13 inch (Mid 2019),1TB SSD,700,https://compasia.my/pages/trade-in
,Trade-in Platform,CompAsia,Mac,MacBook Pro i5 2.4GHz 13 inch (Mid 2019),256GB SSD,650,https://compasia.my/pages/trade-in
,Trade-in Platform,CompAsia,Mac,MacBook Pro i5 2.4GHz 13 inch (Mid 2019),2TB SSD,725,https://compasia.my/pages/trade-in
,Trade-in Platform,CompAsia,Mac,MacBook Pro i5 2.4GHz 13 inch (Mid 2019),512GB SSD,650,https://compasia.my/pages/trade-in
,Trade-in Platform,CompAsia,Mac,MacBook Pro i5 2.9GHz 13 inch (Late 2016),1TB SSD,400,https://compasia.my/pages/trade-in
,Trade-in Platform,CompAsia,Mac,MacBook Pro i5 2.9GHz 13 inch (Late 2016),256GB SSD,350,https://compasia.my/pages/trade-in
,Trade-in Platform,CompAsia,Mac,MacBook Pro i5 2.9GHz 13 inch (Late 2016),512GB SSD,400,https://compasia.my/pages/trade-in
,Trade-in Platform,CompAsia,Mac,MacBook Pro i5 3.1GHz 13 inch (Late 2016),1TB SSD,400,https://compasia.my/pages/trade-in
,Trade-in Platform,CompAsia,Mac,MacBook Pro i5 3.1GHz 13 inch (Late 2016),256GB SSD,400,https://compasia.my/pages/trade-in
,Trade-in Platform,CompAsia,Mac,MacBook Pro i5 3.1GHz 13 inch (Late 2016),512GB SSD,400,https://compasia.my/pages/trade-in
,Trade-in Platform,CompAsia,Mac,MacBook Pro i5 3.1GHz 13 inch (Mid 2017),1TB SSD,550,https://compasia.my/pages/trade-in
,Trade-in Platform,CompAsia,Mac,MacBook Pro i5 3.1GHz 13 inch (Mid 2017),256GB SSD,450,https://compasia.my/pages/trade-in
,Trade-in Platform,CompAsia,Mac,MacBook Pro i5 3.1GHz 13 inch (Mid 2017),512GB SSD,475,https://compasia.my/pages/trade-in
,Trade-in Platform,CompAsia,Mac,MacBook Pro i5 3.3GHz 13 inch (Mid 2017),1TB SSD,550,https://compasia.my/pages/trade-in
,Trade-in Platform,CompAsia,Mac,MacBook Pro i5 3.3GHz 13 inch (Mid 2017),256GB SSD,450,https://compasia.my/pages/trade-in
,Trade-in Platform,CompAsia,Mac,MacBook Pro i5 3.3GHz 13 inch (Mid 2017),512GB SSD,475,https://compasia.my/pages/trade-in
,Trade-in Platform,CompAsia,Mac,MacBook Pro i7 1.7GHz 13 inch (Mid 2019),128GB SSD,475,https://compasia.my/pages/trade-in
,Trade-in Platform,CompAsia,Mac,MacBook Pro i7 1.7GHz 13 inch (Mid 2019),1TB SSD,650,https://compasia.my/pages/trade-in
,Trade-in Platform,CompAsia,Mac,MacBook Pro i7 1.7GHz 13 inch (Mid 2019),256GB SSD,525,https://compasia.my/pages/trade-in
,Trade-in Platform,CompAsia,Mac,MacBook Pro i7 1.7GHz 13 inch (Mid 2019),2TB SSD,700,https://compasia.my/pages/trade-in
,Trade-in Platform,CompAsia,Mac,MacBook Pro i7 1.7GHz 13 inch (Mid 2019),512GB SSD,575,https://compasia.my/pages/trade-in
,Trade-in Platform,CompAsia,Mac,MacBook Pro i7 1.7GHz 13 inch (Mid 2020),1TB SSD,800,https://compasia.my/pages/trade-in
,Trade-in Platform,CompAsia,Mac,MacBook Pro i7 1.7GHz 13 inch (Mid 2020),256GB SSD,750,https://compasia.my/pages/trade-in
,Trade-in Platform,CompAsia,Mac,MacBook Pro i7 1.7GHz 13 inch (Mid 2020),2TB SSD,875,https://compasia.my/pages/trade-in
,Trade-in Platform,CompAsia,Mac,MacBook Pro i7 1.7GHz 13 inch (Mid 2020),512GB SSD,750,https://compasia.my/pages/trade-in
,Trade-in Platform,CompAsia,Mac,MacBook Pro i7 2.2GHz 15 inch (Mid 2018),1TB SSD,900,https://compasia.my/pages/trade-in
,Trade-in Platform,CompAsia,Mac,MacBook Pro i7 2.2GHz 15 inch (Mid 2018),256GB SSD,850,https://compasia.my/pages/trade-in
,Trade-in Platform,CompAsia,Mac,MacBook Pro i7 2.2GHz 15 inch (Mid 2018),2TB SSD,1050,https://compasia.my/pages/trade-in
,Trade-in Platform,CompAsia,Mac,MacBook Pro i7 2.2GHz 15 inch (Mid 2018),4TB SSD,1125,https://compasia.my/pages/trade-in
,Trade-in Platform,CompAsia,Mac,MacBook Pro i7 2.2GHz 15 inch (Mid 2018),512GB SSD,850,https://compasia.my/pages/trade-in
,Trade-in Platform,CompAsia,Mac,MacBook Pro i7 2.3GHz 13 inch (Mid 2020),1TB SSD,850,https://compasia.my/pages/trade-in
,Trade-in Platform,CompAsia,Mac,MacBook Pro i7 2.3GHz 13 inch (Mid 2020),2TB SSD,925,https://compasia.my/pages/trade-in
,Trade-in Platform,CompAsia,Mac,MacBook Pro i7 2.3GHz 13 inch (Mid 2020),4TB SSD,1075,https://compasia.my/pages/trade-in
,Trade-in Platform,CompAsia,Mac,MacBook Pro i7 2.3GHz 13 inch (Mid 2020),512GB SSD,750,https://compasia.my/pages/trade-in
,Trade-in Platform,CompAsia,Mac,MacBook Pro i7 2.4GHz 13 inch (Late 2016),1TB SSD,400,https://compasia.my/pages/trade-in
,Trade-in Platform,CompAsia,Mac,MacBook Pro i7 2.4GHz 13 inch (Late 2016),256GB SSD,300,https://compasia.my/pages/trade-in
,Trade-in Platform,CompAsia,Mac,MacBook Pro i7 2.4GHz 13 inch (Late 2016),512GB SSD,350,https://compasia.my/pages/trade-in
,Trade-in Platform,CompAsia,Mac,MacBook Pro i7 2.5GHz 13 inch (Mid 2017),128GB SSD,300,https://compasia.my/pages/trade-in
,Trade-in Platform,CompAsia,Mac,MacBook Pro i7 2.5GHz 13 inch (Mid 2017),1TB SSD,550,https://compasia.my/pages/trade-in
,Trade-in Platform,CompAsia,Mac,MacBook Pro i7 2.5GHz 13 inch (Mid 2017),256GB SSD,450,https://compasia.my/pages/trade-in
,Trade-in Platform,CompAsia,Mac,MacBook Pro i7 2.5GHz 13 inch (Mid 2017),512GB SSD,500,https://compasia.my/pages/trade-in
,Trade-in Platform,CompAsia,Mac,MacBook Pro i7 2.6GHz 15 inch (Late 2016),1TB SSD,700,https://compasia.my/pages/trade-in
,Trade-in Platform,CompAsia,Mac,MacBook Pro i7 2.6GHz 15 inch (Late 2016),256GB SSD,650,https://compasia.my/pages/trade-in
,Trade-in Platform,CompAsia,Mac,MacBook Pro i7 2.6GHz 15 inch (Late 2016),2TB SSD,750,https://compasia.my/pages/trade-in
,Trade-in Platform,CompAsia,Mac,MacBook Pro i7 2.6GHz 15 inch (Late 2016),512GB SSD,675,https://compasia.my/pages/trade-in
,Trade-in Platform,CompAsia,Mac,MacBook Pro i7 2.6GHz 15 inch (Mid 2018),1TB SSD,975,https://compasia.my/pages/trade-in
,Trade-in Platform,CompAsia,Mac,MacBook Pro i7 2.6GHz 15 inch (Mid 2018),256GB SSD,850,https://compasia.my/pages/trade-in
,Trade-in Platform,CompAsia,Mac,MacBook Pro i7 2.6GHz 15 inch (Mid 2018),2TB SSD,1075,https://compasia.my/pages/trade-in
,Trade-in Platform,CompAsia,Mac,MacBook Pro i7 2.6GHz 15 inch (Mid 2018),4TB SSD,1125,https://compasia.my/pages/trade-in
,Trade-in Platform,CompAsia,Mac,MacBook Pro i7 2.6GHz 15 inch (Mid 2018),512GB SSD,900,https://compasia.my/pages/trade-in
,Trade-in Platform,CompAsia,Mac,MacBook Pro i7 2.6GHz 15 inch (Mid 2019),1TB SSD,1125,https://compasia.my/pages/trade-in
,Trade-in Platform,CompAsia,Mac,MacBook Pro i7 2.6GHz 15 inch (Mid 2019),256GB SSD,1000,https://compasia.my/pages/trade-in
,Trade-in Platform,CompAsia,Mac,MacBook Pro i7 2.6GHz 15 inch (Mid 2019),2TB SSD,1250,https://compasia.my/pages/trade-in
,Trade-in Platform,CompAsia,Mac,MacBook Pro i7 2.6GHz 15 inch (Mid 2019),4TB SSD,1325,https://compasia.my/pages/trade-in
,Trade-in Platform,CompAsia,Mac,MacBook Pro i7 2.6GHz 15 inch (Mid 2019),512GB SSD,1050,https://compasia.my/pages/trade-in
,Trade-in Platform,CompAsia,Mac,MacBook Pro i7 2.6GHz 16 inch (Late 2019),1TB SSD,1150,https://compasia.my/pages/trade-in
,Trade-in Platform,CompAsia,Mac,MacBook Pro i7 2.6GHz 16 inch (Late 2019),2TB SSD,1250,https://compasia.my/pages/trade-in
,Trade-in Platform,CompAsia,Mac,MacBook Pro i7 2.6GHz 16 inch (Late 2019),4TB SSD,1350,https://compasia.my/pages/trade-in
,Trade-in Platform,CompAsia,Mac,MacBook Pro i7 2.6GHz 16 inch (Late 2019),512GB SSD,1075,https://compasia.my/pages/trade-in
,Trade-in Platform,CompAsia,Mac,MacBook Pro i7 2.6GHz 16 inch (Late 2019),8TB SSD,1475,https://compasia.my/pages/trade-in
,Trade-in Platform,CompAsia,Mac,MacBook Pro i7 2.7GHz 13 inch (Mid 2018),2TB SSD,750,https://compasia.my/pages/trade-in
,Trade-in Platform,CompAsia,Mac,MacBook Pro i7 2.7GHz 15 inch (Late 2016),1TB SSD,700,https://compasia.my/pages/trade-in
,Trade-in Platform,CompAsia,Mac,MacBook Pro i7 2.7GHz 15 inch (Late 2016),256GB SSD,650,https://compasia.my/pages/trade-in
,Trade-in Platform,CompAsia,Mac,MacBook Pro i7 2.7GHz 15 inch (Late 2016),2TB SSD,750,https://compasia.my/pages/trade-in
,Trade-in Platform,CompAsia,Mac,MacBook Pro i7 2.7GHz 15 inch (Late 2016),512GB SSD,675,https://compasia.my/pages/trade-in
,Trade-in Platform,CompAsia,Mac,MacBook Pro i7 2.8GHz 13 inch (Mid 2019),1TB SSD,725,https://compasia.my/pages/trade-in
,Trade-in Platform,CompAsia,Mac,MacBook Pro i7 2.8GHz 13 inch (Mid 2019),256GB SSD,700,https://compasia.my/pages/trade-in
,Trade-in Platform,CompAsia,Mac,MacBook Pro i7 2.8GHz 13 inch (Mid 2019),2TB SSD,800,https://compasia.my/pages/trade-in
,Trade-in Platform,CompAsia,Mac,MacBook Pro i7 2.8GHz 13 inch (Mid 2019),512GB SSD,725,https://compasia.my/pages/trade-in
,Trade-in Platform,CompAsia,Mac,MacBook Pro i7 2.8GHz 15 inch (Mid 2017),1TB SSD,775,https://compasia.my/pages/trade-in
,Trade-in Platform,CompAsia,Mac,MacBook Pro i7 2.8GHz 15 inch (Mid 2017),256GB SSD,750,https://compasia.my/pages/trade-in
,Trade-in Platform,CompAsia,Mac,MacBook Pro i7 2.8GHz 15 inch (Mid 2017),2TB SSD,825,https://compasia.my/pages/trade-in
,Trade-in Platform,CompAsia,Mac,MacBook Pro i7 2.8GHz 15 inch (Mid 2017),512GB SSD,750,https://compasia.my/pages/trade-in
,Trade-in Platform,CompAsia,Mac,MacBook Pro i7 2.9GHz 15 inch (Late 2016),1TB SSD,700,https://compasia.my/pages/trade-in
,Trade-in Platform,CompAsia,Mac,MacBook Pro i7 2.9GHz 15 inch (Late 2016),256GB SSD,650,https://compasia.my/pages/trade-in
,Trade-in Platform,CompAsia,Mac,MacBook Pro i7 2.9GHz 15 inch (Late 2016),2TB SSD,750,https://compasia.my/pages/trade-in
,Trade-in Platform,CompAsia,Mac,MacBook Pro i7 2.9GHz 15 inch (Late 2016),512GB SSD,675,https://compasia.my/pages/trade-in
,Trade-in Platform,CompAsia,Mac,MacBook Pro i7 2.9GHz 15 inch (Mid 2017),1TB SSD,775,https://compasia.my/pages/trade-in
,Trade-in Platform,CompAsia,Mac,MacBook Pro i7 2.9GHz 15 inch (Mid 2017),256GB SSD,750,https://compasia.my/pages/trade-in
,Trade-in Platform,CompAsia,Mac,MacBook Pro i7 2.9GHz 15 inch (Mid 2017),2TB SSD,825,https://compasia.my/pages/trade-in
,Trade-in Platform,CompAsia,Mac,MacBook Pro i7 2.9GHz 15 inch (Mid 2017),512GB SSD,750,https://compasia.my/pages/trade-in
,Trade-in Platform,CompAsia,Mac,MacBook Pro i7 3.1GHz 15 inch (Mid 2017),1TB SSD,775,https://compasia.my/pages/trade-in
,Trade-in Platform,CompAsia,Mac,MacBook Pro i7 3.1GHz 15 inch (Mid 2017),256GB SSD,750,https://compasia.my/pages/trade-in
,Trade-in Platform,CompAsia,Mac,MacBook Pro i7 3.1GHz 15 inch (Mid 2017),2TB SSD,825,https://compasia.my/pages/trade-in
,Trade-in Platform,CompAsia,Mac,MacBook Pro i7 3.1GHz 15 inch (Mid 2017),512GB SSD,750,https://compasia.my/pages/trade-in
,Trade-in Platform,CompAsia,Mac,MacBook Pro i7 3.3GHz 13 inch (Late 2016),1TB SSD,400,https://compasia.my/pages/trade-in
,Trade-in Platform,CompAsia,Mac,MacBook Pro i7 3.3GHz 13 inch (Late 2016),256GB SSD,400,https://compasia.my/pages/trade-in
,Trade-in Platform,CompAsia,Mac,MacBook Pro i7 3.3GHz 13 inch (Late 2016),512GB SSD,400,https://compasia.my/pages/trade-in
,Trade-in Platform,CompAsia,Mac,MacBook Pro i7 3.5GHz 13 inch (Mid 2017),1TB SSD,775,https://compasia.my/pages/trade-in
,Trade-in Platform,CompAsia,Mac,MacBook Pro i7 3.5GHz 13 inch (Mid 2017),256GB SSD,675,https://compasia.my/pages/trade-in
,Trade-in Platform,CompAsia,Mac,MacBook Pro i7 3.5GHz 13 inch (Mid 2017),512GB SSD,750,https://compasia.my/pages/trade-in
,Trade-in Platform,CompAsia,Mac,MacBook Pro i9 2.3GHz 15 inch (Mid 2019),1TB SSD,1250,https://compasia.my/pages/trade-in
,Trade-in Platform,CompAsia,Mac,MacBook Pro i9 2.3GHz 15 inch (Mid 2019),256GB SSD,1000,https://compasia.my/pages/trade-in
,Trade-in Platform,CompAsia,Mac,MacBook Pro i9 2.3GHz 15 inch (Mid 2019),2TB SSD,1350,https://compasia.my/pages/trade-in
,Trade-in Platform,CompAsia,Mac,MacBook Pro i9 2.3GHz 15 inch (Mid 2019),4TB SSD,1475,https://compasia.my/pages/trade-in
,Trade-in Platform,CompAsia,Mac,MacBook Pro i9 2.3GHz 15 inch (Mid 2019),512GB SSD,1075,https://compasia.my/pages/trade-in
,Trade-in Platform,CompAsia,Mac,MacBook Pro i9 2.3GHz 16 inch (Late 2019),1TB SSD,1250,https://compasia.my/pages/trade-in
,Trade-in Platform,CompAsia,Mac,MacBook Pro i9 2.3GHz 16 inch (Late 2019),2TB SSD,1350,https://compasia.my/pages/trade-in
,Trade-in Platform,CompAsia,Mac,MacBook Pro i9 2.3GHz 16 inch (Late 2019),4TB SSD,1475,https://compasia.my/pages/trade-in
,Trade-in Platform,CompAsia,Mac,MacBook Pro i9 2.3GHz 16 inch (Late 2019),8TB SSD,1500,https://compasia.my/pages/trade-in
,Trade-in Platform,CompAsia,Mac,MacBook Pro i9 2.4GHz 15 inch (Mid 2019),1TB SSD,1250,https://compasia.my/pages/trade-in
,Trade-in Platform,CompAsia,Mac,MacBook Pro i9 2.4GHz 15 inch (Mid 2019),256GB SSD,1000,https://compasia.my/pages/trade-in
,Trade-in Platform,CompAsia,Mac,MacBook Pro i9 2.4GHz 15 inch (Mid 2019),2TB SSD,1350,https://compasia.my/pages/trade-in
,Trade-in Platform,CompAsia,Mac,MacBook Pro i9 2.4GHz 15 inch (Mid 2019),4TB SSD,1475,https://compasia.my/pages/trade-in
,Trade-in Platform,CompAsia,Mac,MacBook Pro i9 2.4GHz 15 inch (Mid 2019),512GB SSD,1150,https://compasia.my/pages/trade-in
,Trade-in Platform,CompAsia,Mac,MacBook Pro i9 2.4GHz 16 inch (Late 2019),1TB SSD,1375,https://compasia.my/pages/trade-in
,Trade-in Platform,CompAsia,Mac,MacBook Pro i9 2.4GHz 16 inch (Late 2019),2TB SSD,1450,https://compasia.my/pages/trade-in
,Trade-in Platform,CompAsia,Mac,MacBook Pro i9 2.4GHz 16 inch (Late 2019),4TB SSD,1575,https://compasia.my/pages/trade-in
,Trade-in Platform,CompAsia,Mac,MacBook Pro i9 2.4GHz 16 inch (Late 2019),512GB SSD,1150,https://compasia.my/pages/trade-in
,Trade-in Platform,CompAsia,Mac,MacBook Pro i9 2.4GHz 16 inch (Late 2019),8TB SSD,1700,https://compasia.my/pages/trade-in
,Trade-in Platform,CompAsia,Mac,MacBook Pro i9 2.9GHz 15 inch (Mid 2018),1TB SSD,975,https://compasia.my/pages/trade-in
,Trade-in Platform,CompAsia,Mac,MacBook Pro i9 2.9GHz 15 inch (Mid 2018),256GB SSD,850,https://compasia.my/pages/trade-in
,Trade-in Platform,CompAsia,Mac,MacBook Pro i9 2.9GHz 15 inch (Mid 2018),2TB SSD,1075,https://compasia.my/pages/trade-in
,Trade-in Platform,CompAsia,Mac,MacBook Pro i9 2.9GHz 15 inch (Mid 2018),4TB SSD,1150,https://compasia.my/pages/trade-in
,Trade-in Platform,CompAsia,Mac,MacBook Pro i9 2.9GHz 15 inch (Mid 2018),512GB SSD,900,https://compasia.my/pages/trade-in
,Trade-in Platform,CompAsia,Mac,MacBook Pro M1 8-Core CPU and 8-Core GPU 13 inch (Late 2020),1TB SSD,1000,https://compasia.my/pages/trade-in
,Trade-in Platform,CompAsia,Mac,MacBook Pro M1 8-Core CPU and 8-Core GPU 13 inch (Late 2020),256GB SSD,875,https://compasia.my/pages/trade-in
,Trade-in Platform,CompAsia,Mac,MacBook Pro M1 8-Core CPU and 8-Core GPU 13 inch (Late 2020),2TB SSD,1125,https://compasia.my/pages/trade-in
,Trade-in Platform,CompAsia,Mac,MacBook Pro M1 8-Core CPU and 8-Core GPU 13 inch (Late 2020),512GB SSD,925,https://compasia.my/pages/trade-in
,Trade-in Platform,CompAsia,Mac,MacBook Pro M2 8-Core CPU and 10-Core GPU 13 inch (Mid 2022),1TB SSD,1875,https://compasia.my/pages/trade-in
,Trade-in Platform,CompAsia,Mac,MacBook Pro M2 8-Core CPU and 10-Core GPU 13 inch (Mid 2022),256GB SSD,1375,https://compasia.my/pages/trade-in
,Trade-in Platform,CompAsia,Mac,MacBook Pro M2 8-Core CPU and 10-Core GPU 13 inch (Mid 2022),2TB SSD,2225,https://compasia.my/pages/trade-in
,Trade-in Platform,CompAsia,Mac,MacBook Pro M2 8-Core CPU and 10-Core GPU 13 inch (Mid 2022),512GB SSD,1675,https://compasia.my/pages/trade-in
,Trade-in Platform,CompAsia,Mac,MacBook Pro M2 Max 12-Core CPU and 30-Core GPU 14 inch (Early 2023),1TB SSD,3025,https://compasia.my/pages/trade-in
,Trade-in Platform,CompAsia,Mac,MacBook Pro M2 Max 12-Core CPU and 30-Core GPU 14 inch (Early 2023),2TB SSD,3800,https://compasia.my/pages/trade-in
,Trade-in Platform,CompAsia,Mac,MacBook Pro M2 Max 12-Core CPU and 30-Core GPU 14 inch (Early 2023),4TB SSD,4575,https://compasia.my/pages/trade-in
,Trade-in Platform,CompAsia,Mac,MacBook Pro M2 Max 12-Core CPU and 30-Core GPU 14 inch (Early 2023),512GB SSD,3000,https://compasia.my/pages/trade-in
,Trade-in Platform,CompAsia,Mac,MacBook Pro M2 Max 12-Core CPU and 30-Core GPU 14 inch (Early 2023),8TB SSD,5775,https://compasia.my/pages/trade-in
,Trade-in Platform,CompAsia,Mac,MacBook Pro M2 Max 12-Core CPU and 30-Core GPU 16 inch (Early 2023),1TB SSD,3825,https://compasia.my/pages/trade-in
,Trade-in Platform,CompAsia,Mac,MacBook Pro M2 Max 12-Core CPU and 30-Core GPU 16 inch (Early 2023),2TB SSD,4125,https://compasia.my/pages/trade-in
,Trade-in Platform,CompAsia,Mac,MacBook Pro M2 Max 12-Core CPU and 30-Core GPU 16 inch (Early 2023),4TB SSD,4725,https://compasia.my/pages/trade-in
,Trade-in Platform,CompAsia,Mac,MacBook Pro M2 Max 12-Core CPU and 30-Core GPU 16 inch (Early 2023),512GB SSD,3600,https://compasia.my/pages/trade-in
,Trade-in Platform,CompAsia,Mac,MacBook Pro M2 Max 12-Core CPU and 30-Core GPU 16 inch (Early 2023),8TB SSD,5950,https://compasia.my/pages/trade-in
,Trade-in Platform,CompAsia,Mac,MacBook Pro M2 Max 12-Core CPU and 38-Core GPU 14 inch (Early 2023),1TB SSD,3725,https://compasia.my/pages/trade-in
,Trade-in Platform,CompAsia,Mac,MacBook Pro M2 Max 12-Core CPU and 38-Core GPU 14 inch (Early 2023),2TB SSD,4125,https://compasia.my/pages/trade-in
,Trade-in Platform,CompAsia,Mac,MacBook Pro M2 Max 12-Core CPU and 38-Core GPU 14 inch (Early 2023),4TB SSD,4775,https://compasia.my/pages/trade-in
,Trade-in Platform,CompAsia,Mac,MacBook Pro M2 Max 12-Core CPU and 38-Core GPU 14 inch (Early 2023),512GB SSD,3475,https://compasia.my/pages/trade-in
,Trade-in Platform,CompAsia,Mac,MacBook Pro M2 Max 12-Core CPU and 38-Core GPU 14 inch (Early 2023),8TB SSD,5825,https://compasia.my/pages/trade-in
,Trade-in Platform,CompAsia,Mac,MacBook Pro M2 Max 12-Core CPU and 38-Core GPU 16 inch (Early 2023),1TB SSD,4000,https://compasia.my/pages/trade-in
,Trade-in Platform,CompAsia,Mac,MacBook Pro M2 Max 12-Core CPU and 38-Core GPU 16 inch (Early 2023),2TB SSD,4500,https://compasia.my/pages/trade-in
,Trade-in Platform,CompAsia,Mac,MacBook Pro M2 Max 12-Core CPU and 38-Core GPU 16 inch (Early 2023),4TB SSD,4950,https://compasia.my/pages/trade-in
,Trade-in Platform,CompAsia,Mac,MacBook Pro M2 Max 12-Core CPU and 38-Core GPU 16 inch (Early 2023),512GB SSD,3925,https://compasia.my/pages/trade-in
,Trade-in Platform,CompAsia,Mac,MacBook Pro M2 Max 12-Core CPU and 38-Core GPU 16 inch (Early 2023),8TB SSD,5975,https://compasia.my/pages/trade-in
,Trade-in Platform,CompAsia,Mac,MacBook Pro M2 Pro 10-Core CPU and 16-Core GPU 14 inch (Early 2023),1TB SSD,2625,https://compasia.my/pages/trade-in
,Trade-in Platform,CompAsia,Mac,MacBook Pro M2 Pro 10-Core CPU and 16-Core GPU 14 inch (Early 2023),2TB SSD,3075,https://compasia.my/pages/trade-in
,Trade-in Platform,CompAsia,Mac,MacBook Pro M2 Pro 10-Core CPU and 16-Core GPU 14 inch (Early 2023),4TB SSD,3575,https://compasia.my/pages/trade-in
,Trade-in Platform,CompAsia,Mac,MacBook Pro M2 Pro 10-Core CPU and 16-Core GPU 14 inch (Early 2023),512GB SSD,2450,https://compasia.my/pages/trade-in
,Trade-in Platform,CompAsia,Mac,MacBook Pro M2 Pro 10-Core CPU and 16-Core GPU 14 inch (Early 2023),8TB SSD,4050,https://compasia.my/pages/trade-in
,Trade-in Platform,CompAsia,Mac,MacBook Pro M2 Pro 12-Core CPU and 19-Core GPU 14 inch (Early 2023),1TB SSD,2625,https://compasia.my/pages/trade-in
,Trade-in Platform,CompAsia,Mac,MacBook Pro M2 Pro 12-Core CPU and 19-Core GPU 14 inch (Early 2023),2TB SSD,3275,https://compasia.my/pages/trade-in
,Trade-in Platform,CompAsia,Mac,MacBook Pro M2 Pro 12-Core CPU and 19-Core GPU 14 inch (Early 2023),4TB SSD,3800,https://compasia.my/pages/trade-in
,Trade-in Platform,CompAsia,Mac,MacBook Pro M2 Pro 12-Core CPU and 19-Core GPU 14 inch (Early 2023),512GB SSD,2500,https://compasia.my/pages/trade-in
,Trade-in Platform,CompAsia,Mac,MacBook Pro M2 Pro 12-Core CPU and 19-Core GPU 14 inch (Early 2023),8TB SSD,4625,https://compasia.my/pages/trade-in
,Trade-in Platform,CompAsia,Mac,MacBook Pro M2 Pro 12-Core CPU and 19-Core GPU 16 inch (Early 2023),1TB SSD,3125,https://compasia.my/pages/trade-in
,Trade-in Platform,CompAsia,Mac,MacBook Pro M2 Pro 12-Core CPU and 19-Core GPU 16 inch (Early 2023),2TB SSD,3500,https://compasia.my/pages/trade-in
,Trade-in Platform,CompAsia,Mac,MacBook Pro M2 Pro 12-Core CPU and 19-Core GPU 16 inch (Early 2023),4TB SSD,4300,https://compasia.my/pages/trade-in
,Trade-in Platform,CompAsia,Mac,MacBook Pro M2 Pro 12-Core CPU and 19-Core GPU 16 inch (Early 2023),512GB SSD,2925,https://compasia.my/pages/trade-in
,Trade-in Platform,CompAsia,Mac,MacBook Pro M2 Pro 12-Core CPU and 19-Core GPU 16 inch (Early 2023),8TB SSD,5250,https://compasia.my/pages/trade-in
,Trade-in Platform,CompAsia,Mac,MacBook Pro M3 8-Core CPU and 10-Core GPU 14 inch (Late 2023),1TB SSD,2800,https://compasia.my/pages/trade-in
,Trade-in Platform,CompAsia,Mac,MacBook Pro M3 8-Core CPU and 10-Core GPU 14 inch (Late 2023),2TB SSD,3375,https://compasia.my/pages/trade-in
,Trade-in Platform,CompAsia,Mac,MacBook Pro M3 8-Core CPU and 10-Core GPU 14 inch (Late 2023),512GB SSD,2525,https://compasia.my/pages/trade-in
,Trade-in Platform,CompAsia,Mac,MacBook Pro M3 Max 14-Core CPU and 30-Core GPU 14 inch (Late 2023),1TB SSD,4800,https://compasia.my/pages/trade-in
,Trade-in Platform,CompAsia,Mac,MacBook Pro M3 Max 14-Core CPU and 30-Core GPU 14 inch (Late 2023),2TB SSD,5225,https://compasia.my/pages/trade-in
,Trade-in Platform,CompAsia,Mac,MacBook Pro M3 Max 14-Core CPU and 30-Core GPU 14 inch (Late 2023),4TB SSD,6200,https://compasia.my/pages/trade-in
,Trade-in Platform,CompAsia,Mac,MacBook Pro M3 Max 14-Core CPU and 30-Core GPU 14 inch (Late 2023),512GB SSD,4600,https://compasia.my/pages/trade-in
,Trade-in Platform,CompAsia,Mac,MacBook Pro M3 Max 14-Core CPU and 30-Core GPU 14 inch (Late 2023),8TB SSD,7400,https://compasia.my/pages/trade-in
,Trade-in Platform,CompAsia,Mac,MacBook Pro M3 Max 14-Core CPU and 30-Core GPU 16 inch (Late 2023),1TB SSD,5650,https://compasia.my/pages/trade-in
,Trade-in Platform,CompAsia,Mac,MacBook Pro M3 Max 14-Core CPU and 30-Core GPU 16 inch (Late 2023),2TB SSD,6125,https://compasia.my/pages/trade-in
,Trade-in Platform,CompAsia,Mac,MacBook Pro M3 Max 14-Core CPU and 30-Core GPU 16 inch (Late 2023),4TB SSD,7000,https://compasia.my/pages/trade-in
,Trade-in Platform,CompAsia,Mac,MacBook Pro M3 Max 14-Core CPU and 30-Core GPU 16 inch (Late 2023),512GB SSD,5200,https://compasia.my/pages/trade-in
,Trade-in Platform,CompAsia,Mac,MacBook Pro M3 Max 14-Core CPU and 30-Core GPU 16 inch (Late 2023),8TB SSD,8700,https://compasia.my/pages/trade-in
,Trade-in Platform,CompAsia,Mac,MacBook Pro M3 Max 16-Core CPU and 40-Core GPU 14 inch (Late 2023),1TB SSD,5400,https://compasia.my/pages/trade-in
,Trade-in Platform,CompAsia,Mac,MacBook Pro M3 Max 16-Core CPU and 40-Core GPU 14 inch (Late 2023),2TB SSD,6075,https://compasia.my/pages/trade-in
,Trade-in Platform,CompAsia,Mac,MacBook Pro M3 Max 16-Core CPU and 40-Core GPU 14 inch (Late 2023),4TB SSD,6900,https://compasia.my/pages/trade-in
,Trade-in Platform,CompAsia,Mac,MacBook Pro M3 Max 16-Core CPU and 40-Core GPU 14 inch (Late 2023),512GB SSD,5225,https://compasia.my/pages/trade-in
,Trade-in Platform,CompAsia,Mac,MacBook Pro M3 Max 16-Core CPU and 40-Core GPU 14 inch (Late 2023),8TB SSD,8450,https://compasia.my/pages/trade-in
,Trade-in Platform,CompAsia,Mac,MacBook Pro M3 Max 16-Core CPU and 40-Core GPU 16 inch (Late 2023),1TB SSD,6425,https://compasia.my/pages/trade-in
,Trade-in Platform,CompAsia,Mac,MacBook Pro M3 Max 16-Core CPU and 40-Core GPU 16 inch (Late 2023),2TB SSD,7000,https://compasia.my/pages/trade-in
,Trade-in Platform,CompAsia,Mac,MacBook Pro M3 Max 16-Core CPU and 40-Core GPU 16 inch (Late 2023),4TB SSD,7775,https://compasia.my/pages/trade-in
,Trade-in Platform,CompAsia,Mac,MacBook Pro M3 Max 16-Core CPU and 40-Core GPU 16 inch (Late 2023),512GB SSD,5975,https://compasia.my/pages/trade-in
,Trade-in Platform,CompAsia,Mac,MacBook Pro M3 Max 16-Core CPU and 40-Core GPU 16 inch (Late 2023),8TB SSD,9550,https://compasia.my/pages/trade-in
,Trade-in Platform,CompAsia,Mac,MacBook Pro M3 Pro 11-Core CPU and 14-Core GPU 14 inch (Late 2023),1TB SSD,3300,https://compasia.my/pages/trade-in
,Trade-in Platform,CompAsia,Mac,MacBook Pro M3 Pro 11-Core CPU and 14-Core GPU 14 inch (Late 2023),2TB SSD,4075,https://compasia.my/pages/trade-in
,Trade-in Platform,CompAsia,Mac,MacBook Pro M3 Pro 11-Core CPU and 14-Core GPU 14 inch (Late 2023),4TB SSD,4725,https://compasia.my/pages/trade-in
,Trade-in Platform,CompAsia,Mac,MacBook Pro M3 Pro 11-Core CPU and 14-Core GPU 14 inch (Late 2023),512GB SSD,3000,https://compasia.my/pages/trade-in
,Trade-in Platform,CompAsia,Mac,MacBook Pro M3 Pro 12-Core CPU and 18-Core GPU 14 inch (Late 2023),1TB SSD,3700,https://compasia.my/pages/trade-in
,Trade-in Platform,CompAsia,Mac,MacBook Pro M3 Pro 12-Core CPU and 18-Core GPU 14 inch (Late 2023),2TB SSD,4100,https://compasia.my/pages/trade-in
,Trade-in Platform,CompAsia,Mac,MacBook Pro M3 Pro 12-Core CPU and 18-Core GPU 14 inch (Late 2023),4TB SSD,4725,https://compasia.my/pages/trade-in
,Trade-in Platform,CompAsia,Mac,MacBook Pro M3 Pro 12-Core CPU and 18-Core GPU 14 inch (Late 2023),512GB SSD,3400,https://compasia.my/pages/trade-in
,Trade-in Platform,CompAsia,Mac,MacBook Pro M3 Pro 12-Core CPU and 18-Core GPU 16 inch (Late 2023),1TB SSD,4350,https://compasia.my/pages/trade-in
,Trade-in Platform,CompAsia,Mac,MacBook Pro M3 Pro 12-Core CPU and 18-Core GPU 16 inch (Late 2023),2TB SSD,5100,https://compasia.my/pages/trade-in
,Trade-in Platform,CompAsia,Mac,MacBook Pro M3 Pro 12-Core CPU and 18-Core GPU 16 inch (Late 2023),4TB SSD,5875,https://compasia.my/pages/trade-in
,Trade-in Platform,CompAsia,Mac,MacBook Pro M3 Pro 12-Core CPU and 18-Core GPU 16 inch (Late 2023),512GB SSD,3900,https://compasia.my/pages/trade-in
,Trade-in Platform,CompAsia,Mac,MacBook Pro M4 10-Core CPU and 10-Core GPU 14 inch (Late 2024),1TB SSD,3300,https://compasia.my/pages/trade-in
,Trade-in Platform,CompAsia,Mac,MacBook Pro M4 10-Core CPU and 10-Core GPU 14 inch (Late 2024),2TB SSD,4100,https://compasia.my/pages/trade-in
,Trade-in Platform,CompAsia,Mac,MacBook Pro M4 10-Core CPU and 10-Core GPU 14 inch (Late 2024),512GB SSD,2925,https://compasia.my/pages/trade-in
,Trade-in Platform,CompAsia,Mac,MacBook Pro M4 Max 14-Core CPU and 32-Core GPU 14 inch (Late 2024),1TB SSD,5750,https://compasia.my/pages/trade-in
,Trade-in Platform,CompAsia,Mac,MacBook Pro M4 Max 14-Core CPU and 32-Core GPU 14 inch (Late 2024),2TB SSD,6375,https://compasia.my/pages/trade-in
,Trade-in Platform,CompAsia,Mac,MacBook Pro M4 Max 14-Core CPU and 32-Core GPU 14 inch (Late 2024),4TB SSD,7425,https://compasia.my/pages/trade-in
,Trade-in Platform,CompAsia,Mac,MacBook Pro M4 Max 14-Core CPU and 32-Core GPU 14 inch (Late 2024),8TB SSD,8600,https://compasia.my/pages/trade-in
,Trade-in Platform,CompAsia,Mac,MacBook Pro M4 Max 14-Core CPU and 32-Core GPU 16 inch (Late 2024),1TB SSD,6100,https://compasia.my/pages/trade-in
,Trade-in Platform,CompAsia,Mac,MacBook Pro M4 Max 14-Core CPU and 32-Core GPU 16 inch (Late 2024),2TB SSD,6775,https://compasia.my/pages/trade-in
,Trade-in Platform,CompAsia,Mac,MacBook Pro M4 Max 14-Core CPU and 32-Core GPU 16 inch (Late 2024),4TB SSD,7775,https://compasia.my/pages/trade-in
,Trade-in Platform,CompAsia,Mac,MacBook Pro M4 Max 14-Core CPU and 32-Core GPU 16 inch (Late 2024),8TB SSD,8875,https://compasia.my/pages/trade-in
,Trade-in Platform,CompAsia,Mac,"MacBook Pro M4 Max 16-Core CPU and 40-Core GPU 14"" (Late 2024)",1TB SSD,6550,https://compasia.my/pages/trade-in
,Trade-in Platform,CompAsia,Mac,"MacBook Pro M4 Max 16-Core CPU and 40-Core GPU 14"" (Late 2024)",2TB SSD,7125,https://compasia.my/pages/trade-in
,Trade-in Platform,CompAsia,Mac,"MacBook Pro M4 Max 16-Core CPU and 40-Core GPU 14"" (Late 2024)",4TB SSD,8125,https://compasia.my/pages/trade-in
,Trade-in Platform,CompAsia,Mac,"MacBook Pro M4 Max 16-Core CPU and 40-Core GPU 14"" (Late 2024)",8TB SSD,9200,https://compasia.my/pages/trade-in
,Trade-in Platform,CompAsia,Mac,MacBook Pro M4 Max 16-Core CPU and 40-Core GPU 16 inch (Late 2024),1TB SSD,6750,https://compasia.my/pages/trade-in
,Trade-in Platform,CompAsia,Mac,MacBook Pro M4 Max 16-Core CPU and 40-Core GPU 16 inch (Late 2024),2TB SSD,7375,https://compasia.my/pages/trade-in
,Trade-in Platform,CompAsia,Mac,MacBook Pro M4 Max 16-Core CPU and 40-Core GPU 16 inch (Late 2024),4TB SSD,8650,https://compasia.my/pages/trade-in
,Trade-in Platform,CompAsia,Mac,MacBook Pro M4 Max 16-Core CPU and 40-Core GPU 16 inch (Late 2024),8TB SSD,9900,https://compasia.my/pages/trade-in
,Trade-in Platform,CompAsia,Mac,MacBook Pro M4 Pro 12-Core CPU and 16-Core GPU 14 inch (Late 2024),1TB SSD,3900,https://compasia.my/pages/trade-in
,Trade-in Platform,CompAsia,Mac,MacBook Pro M4 Pro 12-Core CPU and 16-Core GPU 14 inch (Late 2024),2TB SSD,4575,https://compasia.my/pages/trade-in
,Trade-in Platform,CompAsia,Mac,MacBook Pro M4 Pro 12-Core CPU and 16-Core GPU 14 inch (Late 2024),4TB SSD,5075,https://compasia.my/pages/trade-in
,Trade-in Platform,CompAsia,Mac,MacBook Pro M4 Pro 12-Core CPU and 16-Core GPU 14 inch (Late 2024),512GB SSD,3475,https://compasia.my/pages/trade-in
,Trade-in Platform,CompAsia,Mac,MacBook Pro M4 Pro 14-Core CPU and 20-Core GPU 14 inch (Late 2024),1TB SSD,4275,https://compasia.my/pages/trade-in
,Trade-in Platform,CompAsia,Mac,MacBook Pro M4 Pro 14-Core CPU and 20-Core GPU 14 inch (Late 2024),2TB SSD,4925,https://compasia.my/pages/trade-in
,Trade-in Platform,CompAsia,Mac,MacBook Pro M4 Pro 14-Core CPU and 20-Core GPU 14 inch (Late 2024),4TB SSD,5800,https://compasia.my/pages/trade-in
,Trade-in Platform,CompAsia,Mac,"MacBook Pro M4 Pro 14-Core CPU and 20-Core GPU 14"" (Late 2024)",512GB SSD,4150,https://compasia.my/pages/trade-in
,Trade-in Platform,CompAsia,Mac,MacBook Pro M4 Pro 14-Core CPU and 20-Core GPU 16 inch (Late 2024),1TB SSD,4725,https://compasia.my/pages/trade-in
,Trade-in Platform,CompAsia,Mac,MacBook Pro M4 Pro 14-Core CPU and 20-Core GPU 16 inch (Late 2024),2TB SSD,5400,https://compasia.my/pages/trade-in
,Trade-in Platform,CompAsia,Mac,MacBook Pro M4 Pro 14-Core CPU and 20-Core GPU 16 inch (Late 2024),4TB SSD,5975,https://compasia.my/pages/trade-in
,Trade-in Platform,CompAsia,Mac,MacBook Pro M4 Pro 14-Core CPU and 20-Core GPU 16 inch (Late 2024),512GB SSD,4375,https://compasia.my/pages/trade-in
,Trade-in Platform,CompAsia,Mac,MacBook Pro M5 10 -Core CPU and 10-Core GPU 14 inch (Late 2025),1TB SSD,4425,https://compasia.my/pages/trade-in
,Trade-in Platform,CompAsia,Mac,MacBook Pro M5 10 -Core CPU and 10-Core GPU 14 inch (Late 2025),2TB SSD,5400,https://compasia.my/pages/trade-in
,Trade-in Platform,CompAsia,Mac,MacBook Pro M5 10 -Core CPU and 10-Core GPU 14 inch (Late 2025),4TB SSD,6350,https://compasia.my/pages/trade-in
,Trade-in Platform,CompAsia,Mac,MacBook Pro M5 10 -Core CPU and 10-Core GPU 14 inch (Late 2025),512GB SSD,3950,https://compasia.my/pages/trade-in
,Trade-in Platform,CompAsia,Mac,Mac Mini i3 3.6GHz (Early 2020),1TB SSD,340,https://compasia.my/pages/trade-in
,Trade-in Platform,CompAsia,Mac,Mac Mini i3 3.6GHz (Early 2020),256GB SSD,200,https://compasia.my/pages/trade-in
,Trade-in Platform,CompAsia,Mac,Mac Mini i3 3.6GHz (Early 2020),2TB SSD,365,https://compasia.my/pages/trade-in
,Trade-in Platform,CompAsia,Mac,Mac Mini i3 3.6GHz (Early 2020),512GB SSD,275,https://compasia.my/pages/trade-in
,Trade-in Platform,CompAsia,Mac,Mac Mini i3 3.6GHz (Late 2018),128GB SSD,175,https://compasia.my/pages/trade-in
,Trade-in Platform,CompAsia,Mac,Mac Mini i3 3.6GHz (Late 2018),1TB SSD,350,https://compasia.my/pages/trade-in
,Trade-in Platform,CompAsia,Mac,Mac Mini i3 3.6GHz (Late 2018),256GB SSD,200,https://compasia.my/pages/trade-in
,Trade-in Platform,CompAsia,Mac,Mac Mini i3 3.6GHz (Late 2018),2TB SSD,375,https://compasia.my/pages/trade-in
,Trade-in Platform,CompAsia,Mac,Mac Mini i3 3.6GHz (Late 2018),512GB SSD,275,https://compasia.my/pages/trade-in
,Trade-in Platform,CompAsia,Mac,Mac Mini i5 3.0GHz (Early 2020),1TB SSD,365,https://compasia.my/pages/trade-in
,Trade-in Platform,CompAsia,Mac,Mac Mini i5 3.0GHz (Early 2020),2TB SSD,415,https://compasia.my/pages/trade-in
,Trade-in Platform,CompAsia,Mac,Mac Mini i5 3.0GHz (Early 2020),512GB SSD,340,https://compasia.my/pages/trade-in
,Trade-in Platform,CompAsia,Mac,Mac Mini i5 3.0GHz (Late 2018),128GB SSD,200,https://compasia.my/pages/trade-in
,Trade-in Platform,CompAsia,Mac,Mac Mini i5 3.0GHz (Late 2018),1TB SSD,375,https://compasia.my/pages/trade-in
,Trade-in Platform,CompAsia,Mac,Mac Mini i5 3.0GHz (Late 2018),256GB SSD,300,https://compasia.my/pages/trade-in
,Trade-in Platform,CompAsia,Mac,Mac Mini i5 3.0GHz (Late 2018),2TB SSD,425,https://compasia.my/pages/trade-in
,Trade-in Platform,CompAsia,Mac,Mac Mini i5 3.0GHz (Late 2018),512GB SSD,350,https://compasia.my/pages/trade-in
,Trade-in Platform,CompAsia,Mac,Mac Mini i7 3.2GHz (Early 2020),1TB SSD,365,https://compasia.my/pages/trade-in
,Trade-in Platform,CompAsia,Mac,Mac Mini i7 3.2GHz (Early 2020),256GB SSD,340,https://compasia.my/pages/trade-in
,Trade-in Platform,CompAsia,Mac,Mac Mini i7 3.2GHz (Early 2020),2TB SSD,475,https://compasia.my/pages/trade-in
,Trade-in Platform,CompAsia,Mac,Mac Mini i7 3.2GHz (Early 2020),512GB SSD,340,https://compasia.my/pages/trade-in
,Trade-in Platform,CompAsia,Mac,Mac Mini i7 3.2GHz (Late 2018),128GB SSD,300,https://compasia.my/pages/trade-in
,Trade-in Platform,CompAsia,Mac,Mac Mini i7 3.2GHz (Late 2018),1TB SSD,375,https://compasia.my/pages/trade-in
,Trade-in Platform,CompAsia,Mac,Mac Mini i7 3.2GHz (Late 2018),256GB SSD,350,https://compasia.my/pages/trade-in
,Trade-in Platform,CompAsia,Mac,Mac Mini i7 3.2GHz (Late 2018),2TB SSD,475,https://compasia.my/pages/trade-in
,Trade-in Platform,CompAsia,Mac,Mac Mini i7 3.2GHz (Late 2018),512GB SSD,350,https://compasia.my/pages/trade-in
,Trade-in Platform,CompAsia,Mac,Mac Mini M1 8-Core CPU and 8-Core GPU (Late 2020),1TB SSD,375,https://compasia.my/pages/trade-in
,Trade-in Platform,CompAsia,Mac,Mac Mini M1 8-Core CPU and 8-Core GPU (Late 2020),256GB SSD,350,https://compasia.my/pages/trade-in
,Trade-in Platform,CompAsia,Mac,Mac Mini M1 8-Core CPU and 8-Core GPU (Late 2020),2TB SSD,475,https://compasia.my/pages/trade-in
,Trade-in Platform,CompAsia,Mac,Mac Mini M1 8-Core CPU and 8-Core GPU (Late 2020),512GB SSD,350,https://compasia.my/pages/trade-in
,Trade-in Platform,CompAsia,Mac,Mac Mini M2 8-Core CPU and 10-Core GPU (Early 2023),1TB SSD,525,https://compasia.my/pages/trade-in
,Trade-in Platform,CompAsia,Mac,Mac Mini M2 8-Core CPU and 10-Core GPU (Early 2023),256GB SSD,425,https://compasia.my/pages/trade-in
,Trade-in Platform,CompAsia,Mac,Mac Mini M2 8-Core CPU and 10-Core GPU (Early 2023),2TB SSD,625,https://compasia.my/pages/trade-in
,Trade-in Platform,CompAsia,Mac,Mac Mini M2 8-Core CPU and 10-Core GPU (Early 2023),512GB SSD,475,https://compasia.my/pages/trade-in
,Trade-in Platform,CompAsia,Mac,Mac Mini M2 Pro 10-Core CPU and 16-Core GPU (Early 2023),1TB SSD,525,https://compasia.my/pages/trade-in
,Trade-in Platform,CompAsia,Mac,Mac Mini M2 Pro 10-Core CPU and 16-Core GPU (Early 2023),2TB SSD,675,https://compasia.my/pages/trade-in
,Trade-in Platform,CompAsia,Mac,Mac Mini M2 Pro 10-Core CPU and 16-Core GPU (Early 2023),4TB SSD,675,https://compasia.my/pages/trade-in
,Trade-in Platform,CompAsia,Mac,Mac Mini M2 Pro 10-Core CPU and 16-Core GPU (Early 2023),512GB SSD,475,https://compasia.my/pages/trade-in
,Trade-in Platform,CompAsia,Mac,Mac Mini M2 Pro 10-Core CPU and 16-Core GPU (Early 2023),8TB SSD,675,https://compasia.my/pages/trade-in
,Trade-in Platform,CompAsia,Mac,Mac Mini M2 Pro 12-Core CPU and 19-Core GPU (Early 2023),1TB SSD,525,https://compasia.my/pages/trade-in
,Trade-in Platform,CompAsia,Mac,Mac Mini M2 Pro 12-Core CPU and 19-Core GPU (Early 2023),2TB SSD,660,https://compasia.my/pages/trade-in
,Trade-in Platform,CompAsia,Mac,Mac Mini M2 Pro 12-Core CPU and 19-Core GPU (Early 2023),4TB SSD,675,https://compasia.my/pages/trade-in
,Trade-in Platform,CompAsia,Mac,Mac Mini M2 Pro 12-Core CPU and 19-Core GPU (Early 2023),512GB SSD,475,https://compasia.my/pages/trade-in
,Trade-in Platform,CompAsia,Mac,Mac Mini M2 Pro 12-Core CPU and 19-Core GPU (Early 2023),8TB SSD,675,https://compasia.my/pages/trade-in
,Trade-in Platform,CompAsia,Mac,Mac Mini M4 10-Core CPU and 10-Core GPU (Late 2024),1TB,1750,https://compasia.my/pages/trade-in
,Trade-in Platform,CompAsia,Mac,Mac Mini M4 10-Core CPU and 10-Core GPU (Late 2024),256GB,1025,https://compasia.my/pages/trade-in
,Trade-in Platform,CompAsia,Mac,Mac Mini M4 10-Core CPU and 10-Core GPU (Late 2024),2TB,2375,https://compasia.my/pages/trade-in
,Trade-in Platform,CompAsia,Mac,Mac Mini M4 10-Core CPU and 10-Core GPU (Late 2024),512GB,1375,https://compasia.my/pages/trade-in
,Trade-in Platform,CompAsia,Mac,Mac Mini M4 Pro 12-Core CPU and 16-Core GPU (Late 2024),1TB,2625,https://compasia.my/pages/trade-in
,Trade-in Platform,CompAsia,Mac,Mac Mini M4 Pro 12-Core CPU and 16-Core GPU (Late 2024),2TB,3175,https://compasia.my/pages/trade-in
,Trade-in Platform,CompAsia,Mac,Mac Mini M4 Pro 12-Core CPU and 16-Core GPU (Late 2024),4TB,4050,https://compasia.my/pages/trade-in
,Trade-in Platform,CompAsia,Mac,Mac Mini M4 Pro 12-Core CPU and 16-Core GPU (Late 2024),512GB,2300,https://compasia.my/pages/trade-in
,Trade-in Platform,CompAsia,Mac,Mac Mini M4 Pro 12-Core CPU and 16-Core GPU (Late 2024),8TB,5825,https://compasia.my/pages/trade-in
,Trade-in Platform,CompAsia,Mac,Mac Mini M4 Pro 14-Core CPU and 20-Core GPU (Late 2024),1TB SSD,2975,https://compasia.my/pages/trade-in
,Trade-in Platform,CompAsia,Mac,Mac Mini M4 Pro 14-Core CPU and 20-Core GPU (Late 2024),2TB SSD,3500,https://compasia.my/pages/trade-in
,Trade-in Platform,CompAsia,Mac,Mac Mini M4 Pro 14-Core CPU and 20-Core GPU (Late 2024),4TB SSD,4375,https://compasia.my/pages/trade-in
,Trade-in Platform,CompAsia,Mac,Mac Mini M4 Pro 14-Core CPU and 20-Core GPU (Late 2024),512GB SSD,2625,https://compasia.my/pages/trade-in
,Trade-in Platform,CompAsia,Mac,Mac Mini M4 Pro 14-Core CPU and 20-Core GPU (Late 2024),8TB SSD,6175,https://compasia.my/pages/trade-in
,Trade-in Platform,CompAsia,Mac,Mac Pro M2 Ultra 24-Core CPU and 60-Core GPU (Mid 2023),1TB SSD,10000,https://compasia.my/pages/trade-in
,Trade-in Platform,CompAsia,Mac,Mac Pro M2 Ultra 24-Core CPU and 60-Core GPU (Mid 2023),2TB SSD,10600,https://compasia.my/pages/trade-in
,Trade-in Platform,CompAsia,Mac,Mac Pro M2 Ultra 24-Core CPU and 60-Core GPU (Mid 2023),4TB SSD,11400,https://compasia.my/pages/trade-in
,Trade-in Platform,CompAsia,Mac,Mac Pro M2 Ultra 24-Core CPU and 60-Core GPU (Mid 2023),8TB SSD,12100,https://compasia.my/pages/trade-in
,Trade-in Platform,CompAsia,Mac,Mac Pro M2 Ultra 24-Core CPU and 60-Core GPU Rack (Mid 2023),1TB SSD,10000,https://compasia.my/pages/trade-in
,Trade-in Platform,CompAsia,Mac,Mac Pro M2 Ultra 24-Core CPU and 60-Core GPU Rack (Mid 2023),2TB SSD,10600,https://compasia.my/pages/trade-in
,Trade-in Platform,CompAsia,Mac,Mac Pro M2 Ultra 24-Core CPU and 60-Core GPU Rack (Mid 2023),4TB SSD,11400,https://compasia.my/pages/trade-in
,Trade-in Platform,CompAsia,Mac,Mac Pro M2 Ultra 24-Core CPU and 60-Core GPU Rack (Mid 2023),8TB SSD,12100,https://compasia.my/pages/trade-in
,Trade-in Platform,CompAsia,Mac,Mac Pro M2 Ultra 24-Core CPU and 76-Core GPU (Mid 2023),1TB SSD,11400,https://compasia.my/pages/trade-in
,Trade-in Platform,CompAsia,Mac,Mac Pro M2 Ultra 24-Core CPU and 76-Core GPU (Mid 2023),2TB SSD,12000,https://compasia.my/pages/trade-in
,Trade-in Platform,CompAsia,Mac,Mac Pro M2 Ultra 24-Core CPU and 76-Core GPU (Mid 2023),4TB SSD,12900,https://compasia.my/pages/trade-in
,Trade-in Platform,CompAsia,Mac,Mac Pro M2 Ultra 24-Core CPU and 76-Core GPU (Mid 2023),8TB SSD,13700,https://compasia.my/pages/trade-in
,Trade-in Platform,CompAsia,Mac,Mac Pro M2 Ultra 24-Core CPU and 76-Core GPU Rack (Mid 2023),1TB SSD,11400,https://compasia.my/pages/trade-in
,Trade-in Platform,CompAsia,Mac,Mac Pro M2 Ultra 24-Core CPU and 76-Core GPU Rack (Mid 2023),2TB SSD,12025,https://compasia.my/pages/trade-in
,Trade-in Platform,CompAsia,Mac,Mac Pro M2 Ultra 24-Core CPU and 76-Core GPU Rack (Mid 2023),4TB SSD,12900,https://compasia.my/pages/trade-in
,Trade-in Platform,CompAsia,Mac,Mac Pro M2 Ultra 24-Core CPU and 76-Core GPU Rack (Mid 2023),8TB SSD,13650,https://compasia.my/pages/trade-in
,Trade-in Platform,CompAsia,Mac,Mac Studio M1 Max 10-Core CPU and 24-Core GPU (Early 2022),1TB,1975,https://compasia.my/pages/trade-in
,Trade-in Platform,CompAsia,Mac,Mac Studio M1 Max 10-Core CPU and 24-Core GPU (Early 2022),2TB,2375,https://compasia.my/pages/trade-in
,Trade-in Platform,CompAsia,Mac,Mac Studio M1 Max 10-Core CPU and 24-Core GPU (Early 2022),4TB,2925,https://compasia.my/pages/trade-in
,Trade-in Platform,CompAsia,Mac,Mac Studio M1 Max 10-Core CPU and 24-Core GPU (Early 2022),512GB,1825,https://compasia.my/pages/trade-in
,Trade-in Platform,CompAsia,Mac,Mac Studio M1 Max 10-Core CPU and 24-Core GPU (Early 2022),8TB,3625,https://compasia.my/pages/trade-in
,Trade-in Platform,CompAsia,Mac,Mac Studio M1 Max 10-Core CPU and 32-Core GPU (Early 2022),1TB,2100,https://compasia.my/pages/trade-in
,Trade-in Platform,CompAsia,Mac,Mac Studio M1 Max 10-Core CPU and 32-Core GPU (Early 2022),2TB,2450,https://compasia.my/pages/trade-in
,Trade-in Platform,CompAsia,Mac,Mac Studio M1 Max 10-Core CPU and 32-Core GPU (Early 2022),4TB,2975,https://compasia.my/pages/trade-in
,Trade-in Platform,CompAsia,Mac,Mac Studio M1 Max 10-Core CPU and 32-Core GPU (Early 2022),512GB,1975,https://compasia.my/pages/trade-in
,Trade-in Platform,CompAsia,Mac,Mac Studio M1 Max 10-Core CPU and 32-Core GPU (Early 2022),8TB,3825,https://compasia.my/pages/trade-in
,Trade-in Platform,CompAsia,Mac,Mac Studio M1 Ultra 20-core CPU and 48-Core GPU (Early 2022),1TB,3250,https://compasia.my/pages/trade-in
,Trade-in Platform,CompAsia,Mac,Mac Studio M1 Ultra 20-core CPU and 48-Core GPU (Early 2022),2TB,3950,https://compasia.my/pages/trade-in
,Trade-in Platform,CompAsia,Mac,Mac Studio M1 Ultra 20-core CPU and 48-Core GPU (Early 2022),4TB,4200,https://compasia.my/pages/trade-in
,Trade-in Platform,CompAsia,Mac,Mac Studio M1 Ultra 20-core CPU and 48-Core GPU (Early 2022),8TB,5075,https://compasia.my/pages/trade-in
,Trade-in Platform,CompAsia,Mac,Mac Studio M1 Ultra 20-core CPU and 64-Core GPU (Early 2022),1TB,4375,https://compasia.my/pages/trade-in
,Trade-in Platform,CompAsia,Mac,Mac Studio M1 Ultra 20-core CPU and 64-Core GPU (Early 2022),2TB,4775,https://compasia.my/pages/trade-in
,Trade-in Platform,CompAsia,Mac,Mac Studio M1 Ultra 20-core CPU and 64-Core GPU (Early 2022),4TB,5325,https://compasia.my/pages/trade-in
,Trade-in Platform,CompAsia,Mac,Mac Studio M1 Ultra 20-core CPU and 64-Core GPU (Early 2022),8TB,5900,https://compasia.my/pages/trade-in
,Trade-in Platform,CompAsia,Mac,Mac Studio M2 Max 12-Core CPU and 30-Core GPU (Mid 2023),1TB SSD,3225,https://compasia.my/pages/trade-in
,Trade-in Platform,CompAsia,Mac,Mac Studio M2 Max 12-Core CPU and 30-Core GPU (Mid 2023),2TB SSD,3825,https://compasia.my/pages/trade-in
,Trade-in Platform,CompAsia,Mac,Mac Studio M2 Max 12-Core CPU and 30-Core GPU (Mid 2023),4TB SSD,4700,https://compasia.my/pages/trade-in
,Trade-in Platform,CompAsia,Mac,Mac Studio M2 Max 12-Core CPU and 30-Core GPU (Mid 2023),512GB SSD,3000,https://compasia.my/pages/trade-in
,Trade-in Platform,CompAsia,Mac,Mac Studio M2 Max 12-Core CPU and 30-Core GPU (Mid 2023),8TB SSD,5900,https://compasia.my/pages/trade-in
,Trade-in Platform,CompAsia,Mac,Mac Studio M2 Max 12-Core CPU and 38-Core GPU (Mid 2023),1TB SSD,3575,https://compasia.my/pages/trade-in
,Trade-in Platform,CompAsia,Mac,Mac Studio M2 Max 12-Core CPU and 38-Core GPU (Mid 2023),2TB SSD,4150,https://compasia.my/pages/trade-in
,Trade-in Platform,CompAsia,Mac,Mac Studio M2 Max 12-Core CPU and 38-Core GPU (Mid 2023),4TB SSD,5000,https://compasia.my/pages/trade-in
,Trade-in Platform,CompAsia,Mac,Mac Studio M2 Max 12-Core CPU and 38-Core GPU (Mid 2023),512GB SSD,3225,https://compasia.my/pages/trade-in
,Trade-in Platform,CompAsia,Mac,Mac Studio M2 Max 12-Core CPU and 38-Core GPU (Mid 2023),8TB SSD,6150,https://compasia.my/pages/trade-in
,Trade-in Platform,CompAsia,Mac,Mac Studio M2 Ultra 24-Core CPU and 60-Core GPU (Mid 2023),1TB SSD,5925,https://compasia.my/pages/trade-in
,Trade-in Platform,CompAsia,Mac,Mac Studio M2 Ultra 24-Core CPU and 60-Core GPU (Mid 2023),2TB SSD,6475,https://compasia.my/pages/trade-in
,Trade-in Platform,CompAsia,Mac,Mac Studio M2 Ultra 24-Core CPU and 60-Core GPU (Mid 2023),4TB SSD,7150,https://compasia.my/pages/trade-in
,Trade-in Platform,CompAsia,Mac,Mac Studio M2 Ultra 24-Core CPU and 60-Core GPU (Mid 2023),8TB SSD,8350,https://compasia.my/pages/trade-in
,Trade-in Platform,CompAsia,Mac,Mac Studio M2 Ultra 24-Core CPU and 76-Core GPU (Mid 2023),1TB SSD,7350,https://compasia.my/pages/trade-in
,Trade-in Platform,CompAsia,Mac,Mac Studio M2 Ultra 24-Core CPU and 76-Core GPU (Mid 2023),2TB SSD,7950,https://compasia.my/pages/trade-in
,Trade-in Platform,CompAsia,Mac,Mac Studio M2 Ultra 24-Core CPU and 76-Core GPU (Mid 2023),4TB SSD,8800,https://compasia.my/pages/trade-in
,Trade-in Platform,CompAsia,Mac,Mac Studio M2 Ultra 24-Core CPU and 76-Core GPU (Mid 2023),8TB SSD,9600,https://compasia.my/pages/trade-in
,Trade-in Platform,CompAsia,Mac,Mac Studio M3 Ultra 28-core CPU and 60‑core GPU (Early 2025),16TB SSD,13600,https://compasia.my/pages/trade-in
,Trade-in Platform,CompAsia,Mac,Mac Studio M3 Ultra 28-core CPU and 60‑core GPU (Early 2025),1TB SSD,8675,https://compasia.my/pages/trade-in
,Trade-in Platform,CompAsia,Mac,Mac Studio M3 Ultra 28-core CPU and 60‑core GPU (Early 2025),2TB SSD,9450,https://compasia.my/pages/trade-in
,Trade-in Platform,CompAsia,Mac,Mac Studio M3 Ultra 28-core CPU and 60‑core GPU (Early 2025),4TB SSD,10025,https://compasia.my/pages/trade-in
,Trade-in Platform,CompAsia,Mac,Mac Studio M3 Ultra 28-core CPU and 60‑core GPU (Early 2025),8TB SSD,11125,https://compasia.my/pages/trade-in
,Trade-in Platform,CompAsia,Mac,Mac Studio M3 Ultra 32-core CPU and 80‑core GPU (Early 2025),16TB SSD,15525,https://compasia.my/pages/trade-in
,Trade-in Platform,CompAsia,Mac,Mac Studio M3 Ultra 32-core CPU and 80‑core GPU (Early 2025),1TB SSD,10525,https://compasia.my/pages/trade-in
,Trade-in Platform,CompAsia,Mac,Mac Studio M3 Ultra 32-core CPU and 80‑core GPU (Early 2025),2TB SSD,11300,https://compasia.my/pages/trade-in
,Trade-in Platform,CompAsia,Mac,Mac Studio M3 Ultra 32-core CPU and 80‑core GPU (Early 2025),4TB SSD,11850,https://compasia.my/pages/trade-in
,Trade-in Platform,CompAsia,Mac,Mac Studio M3 Ultra 32-core CPU and 80‑core GPU (Early 2025),8TB SSD,12950,https://compasia.my/pages/trade-in
,Trade-in Platform,CompAsia,Mac,Mac Studio M4 Max 14-core CPU and 32‑core GPU (Early 2025),1TB SSD,4800,https://compasia.my/pages/trade-in
,Trade-in Platform,CompAsia,Mac,Mac Studio M4 Max 14-core CPU and 32‑core GPU (Early 2025),2TB SSD,5650,https://compasia.my/pages/trade-in
,Trade-in Platform,CompAsia,Mac,Mac Studio M4 Max 14-core CPU and 32‑core GPU (Early 2025),4TB SSD,6175,https://compasia.my/pages/trade-in
,Trade-in Platform,CompAsia,Mac,Mac Studio M4 Max 14-core CPU and 32‑core GPU (Early 2025),512GB SSD,4325,https://compasia.my/pages/trade-in
,Trade-in Platform,CompAsia,Mac,Mac Studio M4 Max 14-core CPU and 32‑core GPU (Early 2025),8TB SSD,7575,https://compasia.my/pages/trade-in
,Trade-in Platform,CompAsia,Mac,Mac Studio M4 Max 16-core CPU and 40‑core GPU (Early 2025),1TB SSD,5850,https://compasia.my/pages/trade-in
,Trade-in Platform,CompAsia,Mac,Mac Studio M4 Max 16-core CPU and 40‑core GPU (Early 2025),2TB SSD,6575,https://compasia.my/pages/trade-in
,Trade-in Platform,CompAsia,Mac,Mac Studio M4 Max 16-core CPU and 40‑core GPU (Early 2025),4TB SSD,7050,https://compasia.my/pages/trade-in
,Trade-in Platform,CompAsia,Mac,Mac Studio M4 Max 16-core CPU and 40‑core GPU (Early 2025),512GB SSD,5175,https://compasia.my/pages/trade-in
,Trade-in Platform,CompAsia,Mac,Mac Studio M4 Max 16-core CPU and 40‑core GPU (Early 2025),8TB SSD,8375,https://compasia.my/pages/trade-in
