Category,Model,Storage,Model Number,Display,Year,Chipset,Price,Model Name,Battery,Screen,LCD,Housing,F/Camera,R/Camera
Pad,iPad Pro 11-inch (M4) Wi-Fi + Cellular,512GB,A2837 / A3006,"11""",2024.0,M4,2440,,,,,,,
Pad,iPad mini A17 Pro Wi-Fi + Cellular,128GB,A2995 / A2996,"8.3""",2024.0,A17 Pro,1080,,,,,,,
Pad,iPad Air 8 11-inch (M4) Wi-Fi + Cellular,1TB,A3460 / A3463,"11""",2026.0,M4,4030,,,,,,,
PHONE,IPHONE 16,256GB,A3081 / A3286 / A3288 / A3287,,2024.0,,2100,IPHONE 16,-500.0,-200.0,-1250.0,-180.0,-380.0,-800.0
PHONE,IPHONE 11 PRO MAX,256GB,A2161 / A2220 / A2218,,2019.0,,570,IPHONE 11 PRO MAX,-200.0,-100.0,-280.0,-110.0,-70.0,-250.0
PHONE,IPHONE 14 PLUS,256GB,A2632 / A2885 / A2888 / A2887 / A2886,,2022.0,,1110,IPHONE 14 PLUS,-300.0,-200.0,-870.0,-150.0,-150.0,-270.0
Macbook,MacBook Pro i9 2.4GHz 16 inch (Late 2019),8TB,,"16""",,,1760,,,,,,,
Macbook,MacBook Pro M3 Pro 11-Core CPU and 14-Core GPU 14 inch (Late 2023),1TB,,"14""",,,3520,,,,,,,
Macbook,MacBook Pro 16 inch M1 Max 10-Core CPU and 24-Core GPU (2021),4TB,,"16""",,,3790,,,,,,,
